year,age,N_proj,source
2025,15,61357.4183365323,projection_OBY02PROJ2
2025,16,62009.4705504705,projection_OBY02PROJ2
2025,17,60179.3415839273,projection_OBY02PROJ2
2025,18,56060.000136317,projection_OBY02PROJ2
2025,19,55598.8504290997,projection_OBY02PROJ2
2025,20,54373.884097482,projection_OBY02PROJ2
2025,21,53211.036833336904,projection_OBY02PROJ2
2025,22,52194.8304271673,projection_OBY02PROJ2
2025,23,51053.2274004324,projection_OBY02PROJ2
2025,24,50649.4786065973,projection_OBY02PROJ2
2025,25,49943.4892935015,projection_OBY02PROJ2
2025,26,50873.4222444847,projection_OBY02PROJ2
2025,27,51498.394454658395,projection_OBY02PROJ2
2025,28,51841.5255167801,projection_OBY02PROJ2
2025,29,54442.5182570218,projection_OBY02PROJ2
2025,30,60043.158324759,projection_OBY02PROJ2
2025,31,66384.039786055,projection_OBY02PROJ2
2025,32,66739.24118529,projection_OBY02PROJ2
2025,33,70348.3753194315,projection_OBY02PROJ2
2025,34,70893.8175498179,projection_OBY02PROJ2
2025,35,70146.5341310483,projection_OBY02PROJ2
2025,36,72916.9290322469,projection_OBY02PROJ2
2025,37,71499.5565286886,projection_OBY02PROJ2
2025,38,72871.0494592493,projection_OBY02PROJ2
2025,39,73965.8250964124,projection_OBY02PROJ2
2025,40,74317.573824196,projection_OBY02PROJ2
2025,41,74665.8421367003,projection_OBY02PROJ2
2025,42,75855.009319236,projection_OBY02PROJ2
2025,43,75881.38023200541,projection_OBY02PROJ2
2025,44,79548.7802871936,projection_OBY02PROJ2
2025,45,87375.9981651121,projection_OBY02PROJ2
2025,46,90100.1210702205,projection_OBY02PROJ2
2025,47,91569.1545087218,projection_OBY02PROJ2
2025,48,93641.0571128618,projection_OBY02PROJ2
2025,49,95279.8257665936,projection_OBY02PROJ2
2026,15,59885.307347252696,projection_OBY02PROJ2
2026,16,61033.3207563225,projection_OBY02PROJ2
2026,17,61785.306628845,projection_OBY02PROJ2
2026,18,60023.1306464609,projection_OBY02PROJ2
2026,19,55838.3936370734,projection_OBY02PROJ2
2026,20,55200.4350387558,projection_OBY02PROJ2
2026,21,53862.5774134297,projection_OBY02PROJ2
2026,22,52748.8198435095,projection_OBY02PROJ2
2026,23,51866.879570716395,projection_OBY02PROJ2
2026,24,50843.6057863492,projection_OBY02PROJ2
2026,25,50523.4611381047,projection_OBY02PROJ2
2026,26,49865.659691135,projection_OBY02PROJ2
2026,27,50810.841339049904,projection_OBY02PROJ2
2026,28,51433.2898372929,projection_OBY02PROJ2
2026,29,51761.1229360499,projection_OBY02PROJ2
2026,30,54325.5752934099,projection_OBY02PROJ2
2026,31,59867.6611256482,projection_OBY02PROJ2
2026,32,66146.328528082,projection_OBY02PROJ2
2026,33,66439.6845073653,projection_OBY02PROJ2
2026,34,69985.6220382141,projection_OBY02PROJ2
2026,35,70483.3939700018,projection_OBY02PROJ2
2026,36,69683.443635639,projection_OBY02PROJ2
2026,37,72388.6314068261,projection_OBY02PROJ2
2026,38,70916.0441787936,projection_OBY02PROJ2
2026,39,72242.4352944622,projection_OBY02PROJ2
2026,40,73303.204036821,projection_OBY02PROJ2
2026,41,73621.0189558448,projection_OBY02PROJ2
2026,42,73947.9217742095,projection_OBY02PROJ2
2026,43,75147.2740363198,projection_OBY02PROJ2
2026,44,75192.641464745,projection_OBY02PROJ2
2026,45,78865.3551827718,projection_OBY02PROJ2
2026,46,86686.237066639,projection_OBY02PROJ2
2026,47,89404.00504907081,projection_OBY02PROJ2
2026,48,90865.7469100101,projection_OBY02PROJ2
2026,49,92932.4157845333,projection_OBY02PROJ2
2027,15,55834.0838455545,projection_OBY02PROJ2
2027,16,59572.4430800803,projection_OBY02PROJ2
2027,17,60826.6338876281,projection_OBY02PROJ2
2027,18,61660.1117546319,projection_OBY02PROJ2
2027,19,59886.7977167304,projection_OBY02PROJ2
2027,20,55577.0701924906,projection_OBY02PROJ2
2027,21,54776.3990243056,projection_OBY02PROJ2
2027,22,53381.1933693892,projection_OBY02PROJ2
2027,23,52358.2636978216,projection_OBY02PROJ2
2027,24,51611.5834741726,projection_OBY02PROJ2
2027,25,50687.4211654863,projection_OBY02PROJ2
2027,26,50425.8077039745,projection_OBY02PROJ2
2027,27,49795.5968213037,projection_OBY02PROJ2
2027,28,50741.4452573054,projection_OBY02PROJ2
2027,29,51349.037412295496,projection_OBY02PROJ2
2027,30,51650.8125540479,projection_OBY02PROJ2
2027,31,54173.4387308694,projection_OBY02PROJ2
2027,32,59656.6382707521,projection_OBY02PROJ2
2027,33,65875.3981342107,projection_OBY02PROJ2
2027,34,66107.7675350106,projection_OBY02PROJ2
2027,35,69591.10192280699,projection_OBY02PROJ2
2027,36,70045.1530339912,projection_OBY02PROJ2
2027,37,69199.303426792,projection_OBY02PROJ2
2027,38,71843.6129985324,projection_OBY02PROJ2
2027,39,70316.8466770764,projection_OBY02PROJ2
2027,40,71598.1102816906,projection_OBY02PROJ2
2027,41,72625.305805807,projection_OBY02PROJ2
2027,42,72911.4926247751,projection_OBY02PROJ2
2027,43,73220.6178424401,projection_OBY02PROJ2
2027,44,74432.4962923776,projection_OBY02PROJ2
2027,45,74496.2482884347,projection_OBY02PROJ2
2027,46,78169.6872410379,projection_OBY02PROJ2
2027,47,85978.6773961383,projection_OBY02PROJ2
2027,48,88685.8787129372,projection_OBY02PROJ2
2027,49,90135.3105046859,projection_OBY02PROJ2
2028,15,55787.8563062312,projection_OBY02PROJ2
2028,16,55520.1370374023,projection_OBY02PROJ2
2028,17,59377.6448817559,projection_OBY02PROJ2
2028,18,60719.8037322633,projection_OBY02PROJ2
2028,19,61555.1407226621,projection_OBY02PROJ2
2028,20,59710.0377089475,projection_OBY02PROJ2
2028,21,55289.6148975803,projection_OBY02PROJ2
2028,22,54382.7427142478,projection_OBY02PROJ2
2028,23,52972.3213003678,projection_OBY02PROJ2
2028,24,52041.0302180429,projection_OBY02PROJ2
2028,25,51409.9849594087,projection_OBY02PROJ2
2028,26,50559.4194210491,projection_OBY02PROJ2
2028,27,50335.1999280226,projection_OBY02PROJ2
2028,28,49717.8277208126,projection_OBY02PROJ2
2028,29,50652.5049733992,projection_OBY02PROJ2
2028,30,51234.556681786504,projection_OBY02PROJ2
2028,31,51504.1613331997,projection_OBY02PROJ2
2028,32,53984.115310987996,projection_OBY02PROJ2
2028,33,59411.098131220395,projection_OBY02PROJ2
2028,34,65571.4977236694,projection_OBY02PROJ2
2028,35,65743.8765898702,projection_OBY02PROJ2
2028,36,69168.4434217656,projection_OBY02PROJ2
2028,37,69585.7377210858,projection_OBY02PROJ2
2028,38,68698.5306968857,projection_OBY02PROJ2
2028,39,71282.7397818843,projection_OBY02PROJ2
2028,40,69701.8766775525,projection_OBY02PROJ2
2028,41,70938.5500505704,projection_OBY02PROJ2
2028,42,71934.5190755575,projection_OBY02PROJ2
2028,43,72192.6685732356,projection_OBY02PROJ2
2028,44,72486.5095780004,projection_OBY02PROJ2
2028,45,73710.2513964369,projection_OBY02PROJ2
2028,46,73788.0963881653,projection_OBY02PROJ2
2028,47,77457.2259382332,projection_OBY02PROJ2
2028,48,85249.6021115085,projection_OBY02PROJ2
2028,49,87941.2068633595,projection_OBY02PROJ2
