year,age,N_proj,source
2025,15,61357.4183365323,projection_OBY02PROJ2
2025,16,62009.4705504705,projection_OBY02PROJ2
2025,17,60179.3415839273,projection_OBY02PROJ2
2025,18,56060.000136317,projection_OBY02PROJ2
2025,19,55598.8504290997,projection_OBY02PROJ2
2025,20,54373.884097482,projection_OBY02PROJ2
2025,21,53211.036833336904,projection_OBY02PROJ2
2025,22,52194.8304271673,projection_OBY02PROJ2
2025,23,51053.2274004324,projection_OBY02PROJ2
2025,24,50649.4786065973,projection_OBY02PROJ2
2025,25,49943.4892935015,projection_OBY02PROJ2
2025,26,50873.4222444847,projection_OBY02PROJ2
2025,27,51498.394454658395,projection_OBY02PROJ2
2025,28,51841.5255167801,projection_OBY02PROJ2
2025,29,54442.5182570218,projection_OBY02PROJ2
2025,30,60043.158324759,projection_OBY02PROJ2
2025,31,66384.039786055,projection_OBY02PROJ2
2025,32,66739.24118529,projection_OBY02PROJ2
2025,33,70348.3753194315,projection_OBY02PROJ2
2025,34,70893.8175498179,projection_OBY02PROJ2
2025,35,70146.5341310483,projection_OBY02PROJ2
2025,36,72916.9290322469,projection_OBY02PROJ2
2025,37,71499.5565286886,projection_OBY02PROJ2
2025,38,72871.0494592493,projection_OBY02PROJ2
2025,39,73965.8250964124,projection_OBY02PROJ2
2025,40,74317.573824196,projection_OBY02PROJ2
2025,41,74665.8421367003,projection_OBY02PROJ2
2025,42,75855.009319236,projection_OBY02PROJ2
2025,43,75881.38023200541,projection_OBY02PROJ2
2025,44,79548.7802871936,projection_OBY02PROJ2
2025,45,87375.9981651121,projection_OBY02PROJ2
2025,46,90100.1210702205,projection_OBY02PROJ2
2025,47,91569.1545087218,projection_OBY02PROJ2
2025,48,93641.0571128618,projection_OBY02PROJ2
2025,49,95279.8257665936,projection_OBY02PROJ2
2026,15,59885.307347252696,projection_OBY02PROJ2
2026,16,61033.3207563225,projection_OBY02PROJ2
2026,17,61785.306628845,projection_OBY02PROJ2
2026,18,60023.1306464609,projection_OBY02PROJ2
2026,19,55838.3936370734,projection_OBY02PROJ2
2026,20,55200.4350387558,projection_OBY02PROJ2
2026,21,53862.5774134297,projection_OBY02PROJ2
2026,22,52748.8198435095,projection_OBY02PROJ2
2026,23,51866.879570716395,projection_OBY02PROJ2
2026,24,50843.6057863492,projection_OBY02PROJ2
2026,25,50523.4611381047,projection_OBY02PROJ2
2026,26,49865.659691135,projection_OBY02PROJ2
2026,27,50810.841339049904,projection_OBY02PROJ2
2026,28,51433.2898372929,projection_OBY02PROJ2
2026,29,51761.1229360499,projection_OBY02PROJ2
2026,30,54325.5752934099,projection_OBY02PROJ2
2026,31,59867.6611256482,projection_OBY02PROJ2
2026,32,66146.328528082,projection_OBY02PROJ2
2026,33,66439.6845073653,projection_OBY02PROJ2
2026,34,69985.6220382141,projection_OBY02PROJ2
2026,35,70483.3939700018,projection_OBY02PROJ2
2026,36,69683.443635639,projection_OBY02PROJ2
2026,37,72388.6314068261,projection_OBY02PROJ2
2026,38,70916.0441787936,projection_OBY02PROJ2
2026,39,72242.4352944622,projection_OBY02PROJ2
2026,40,73303.204036821,projection_OBY02PROJ2
2026,41,73621.0189558448,projection_OBY02PROJ2
2026,42,73947.9217742095,projection_OBY02PROJ2
2026,43,75147.2740363198,projection_OBY02PROJ2
2026,44,75192.641464745,projection_OBY02PROJ2
2026,45,78865.3551827718,projection_OBY02PROJ2
2026,46,86686.237066639,projection_OBY02PROJ2
2026,47,89404.00504907081,projection_OBY02PROJ2
2026,48,90865.7469100101,projection_OBY02PROJ2
2026,49,92932.4157845333,projection_OBY02PROJ2
2027,15,55834.0838455545,projection_OBY02PROJ2
2027,16,59572.4430800803,projection_OBY02PROJ2
2027,17,60826.6338876281,projection_OBY02PROJ2
2027,18,61660.1117546319,projection_OBY02PROJ2
2027,19,59886.7977167304,projection_OBY02PROJ2
2027,20,55577.0701924906,projection_OBY02PROJ2
2027,21,54776.3990243056,projection_OBY02PROJ2
2027,22,53381.1933693892,projection_OBY02PROJ2
2027,23,52358.2636978216,projection_OBY02PROJ2
2027,24,51611.5834741726,projection_OBY02PROJ2
2027,25,50687.4211654863,projection_OBY02PROJ2
2027,26,50425.8077039745,projection_OBY02PROJ2
2027,27,49795.5968213037,projection_OBY02PROJ2
2027,28,50741.4452573054,projection_OBY02PROJ2
2027,29,51349.037412295496,projection_OBY02PROJ2
2027,30,51650.8125540479,projection_OBY02PROJ2
2027,31,54173.4387308694,projection_OBY02PROJ2
2027,32,59656.6382707521,projection_OBY02PROJ2
2027,33,65875.3981342107,projection_OBY02PROJ2
2027,34,66107.7675350106,projection_OBY02PROJ2
2027,35,69591.10192280699,projection_OBY02PROJ2
2027,36,70045.1530339912,projection_OBY02PROJ2
2027,37,69199.303426792,projection_OBY02PROJ2
2027,38,71843.6129985324,projection_OBY02PROJ2
2027,39,70316.8466770764,projection_OBY02PROJ2
2027,40,71598.1102816906,projection_OBY02PROJ2
2027,41,72625.305805807,projection_OBY02PROJ2
2027,42,72911.4926247751,projection_OBY02PROJ2
2027,43,73220.6178424401,projection_OBY02PROJ2
2027,44,74432.4962923776,projection_OBY02PROJ2
2027,45,74496.2482884347,projection_OBY02PROJ2
2027,46,78169.6872410379,projection_OBY02PROJ2
2027,47,85978.6773961383,projection_OBY02PROJ2
2027,48,88685.8787129372,projection_OBY02PROJ2
2027,49,90135.3105046859,projection_OBY02PROJ2
2028,15,55787.8563062312,projection_OBY02PROJ2
2028,16,55520.1370374023,projection_OBY02PROJ2
2028,17,59377.6448817559,projection_OBY02PROJ2
2028,18,60719.8037322633,projection_OBY02PROJ2
2028,19,61555.1407226621,projection_OBY02PROJ2
2028,20,59710.0377089475,projection_OBY02PROJ2
2028,21,55289.6148975803,projection_OBY02PROJ2
2028,22,54382.7427142478,projection_OBY02PROJ2
2028,23,52972.3213003678,projection_OBY02PROJ2
2028,24,52041.0302180429,projection_OBY02PROJ2
2028,25,51409.9849594087,projection_OBY02PROJ2
2028,26,50559.4194210491,projection_OBY02PROJ2
2028,27,50335.1999280226,projection_OBY02PROJ2
2028,28,49717.8277208126,projection_OBY02PROJ2
2028,29,50652.5049733992,projection_OBY02PROJ2
2028,30,51234.556681786504,projection_OBY02PROJ2
2028,31,51504.1613331997,projection_OBY02PROJ2
2028,32,53984.115310987996,projection_OBY02PROJ2
2028,33,59411.098131220395,projection_OBY02PROJ2
2028,34,65571.4977236694,projection_OBY02PROJ2
2028,35,65743.8765898702,projection_OBY02PROJ2
2028,36,69168.4434217656,projection_OBY02PROJ2
2028,37,69585.7377210858,projection_OBY02PROJ2
2028,38,68698.5306968857,projection_OBY02PROJ2
2028,39,71282.7397818843,projection_OBY02PROJ2
2028,40,69701.8766775525,projection_OBY02PROJ2
2028,41,70938.5500505704,projection_OBY02PROJ2
2028,42,71934.5190755575,projection_OBY02PROJ2
2028,43,72192.6685732356,projection_OBY02PROJ2
2028,44,72486.5095780004,projection_OBY02PROJ2
2028,45,73710.2513964369,projection_OBY02PROJ2
2028,46,73788.0963881653,projection_OBY02PROJ2
2028,47,77457.2259382332,projection_OBY02PROJ2
2028,48,85249.6021115085,projection_OBY02PROJ2
2028,49,87941.2068633595,projection_OBY02PROJ2
2029,15,54575.6646908834,projection_OBY02PROJ2
2029,16,55968.6841653758,projection_OBY02PROJ2
2029,17,55819.4519783633,projection_OBY02PROJ2
2029,18,59780.8730464955,projection_OBY02PROJ2
2029,19,61147.2083711722,projection_OBY02PROJ2
2029,20,61938.2823061345,projection_OBY02PROJ2
2029,21,60057.6045246813,projection_OBY02PROJ2
2029,22,55662.6720200657,projection_OBY02PROJ2
2029,23,54824.0387169698,projection_OBY02PROJ2
2029,24,53481.1729918914,projection_OBY02PROJ2
2029,25,52595.8427342463,projection_OBY02PROJ2
2029,26,51985.1116905943,projection_OBY02PROJ2
2029,27,51138.0343529613,projection_OBY02PROJ2
2029,28,50902.6810259914,projection_OBY02PROJ2
2029,29,50258.7848501275,projection_OBY02PROJ2
2029,30,51157.6567429038,projection_OBY02PROJ2
2029,31,51699.6181008234,projection_OBY02PROJ2
2029,32,51925.8593292999,projection_OBY02PROJ2
2029,33,54365.4184783871,projection_OBY02PROJ2
2029,34,59754.1636270248,projection_OBY02PROJ2
2029,35,65878.6275984583,projection_OBY02PROJ2
2029,36,66021.1263171066,projection_OBY02PROJ2
2029,37,69420.344227519,projection_OBY02PROJ2
2029,38,69818.1991351601,projection_OBY02PROJ2
2029,39,68912.28331964879,projection_OBY02PROJ2
2029,40,71476.1540808977,projection_OBY02PROJ2
2029,41,69875.8084358742,projection_OBY02PROJ2
2029,42,71091.6088608477,projection_OBY02PROJ2
2029,43,72070.3553508535,projection_OBY02PROJ2
2029,44,72315.9710802331,projection_OBY02PROJ2
2029,45,72599.25474089751,projection_OBY02PROJ2
2029,46,73808.5126991,projection_OBY02PROJ2
2029,47,73868.4556416886,projection_OBY02PROJ2
2029,48,77510.2805184956,projection_OBY02PROJ2
2029,49,85263.7276638748,projection_OBY02PROJ2
2030,15,56003.4858360051,projection_OBY02PROJ2
2030,16,54757.7562792972,projection_OBY02PROJ2
2030,17,56270.2144182962,projection_OBY02PROJ2
2030,18,56226.1717225387,projection_OBY02PROJ2
2030,19,60212.100613592,projection_OBY02PROJ2
2030,20,61535.2056710474,projection_OBY02PROJ2
2030,21,62288.971976648,projection_OBY02PROJ2
2030,22,60430.0494939674,projection_OBY02PROJ2
2030,23,56102.4236872896,projection_OBY02PROJ2
2030,24,55333.1102675402,projection_OBY02PROJ2
2030,25,54041.8903198397,projection_OBY02PROJ2
2030,26,53180.207335115905,projection_OBY02PROJ2
2030,27,52571.0088119467,projection_OBY02PROJ2
2030,28,51712.841285883704,projection_OBY02PROJ2
2030,29,51452.1460292901,projection_OBY02PROJ2
2030,30,50768.8231055758,projection_OBY02PROJ2
2030,31,51623.8224410084,projection_OBY02PROJ2
2030,32,52123.345828295,projection_OBY02PROJ2
2030,33,52310.5655492799,projection_OBY02PROJ2
2030,34,54713.6133196649,projection_OBY02PROJ2
2030,35,60066.2144963169,projection_OBY02PROJ2
2030,36,66157.7350271796,projection_OBY02PROJ2
2030,37,66276.4656012668,projection_OBY02PROJ2
2030,38,69655.0605281979,projection_OBY02PROJ2
2030,39,70033.9602843937,projection_OBY02PROJ2
2030,40,69109.4886030696,projection_OBY02PROJ2
2030,41,71651.3158791864,projection_OBY02PROJ2
2030,42,70032.220305478,projection_OBY02PROJ2
2030,43,71230.3554055939,projection_OBY02PROJ2
2030,44,72196.1586181835,projection_OBY02PROJ2
2030,45,72431.5853517541,projection_OBY02PROJ2
2030,46,72700.9857505339,projection_OBY02PROJ2
2030,47,73891.3105522912,projection_OBY02PROJ2
2030,48,73929.4660579361,projection_OBY02PROJ2
2030,49,77539.4054937886,projection_OBY02PROJ2
2031,15,56293.7864840795,projection_OBY02PROJ2
2031,16,56186.5347848845,projection_OBY02PROJ2
2031,17,55060.902242479,projection_OBY02PROJ2
2031,18,56679.8792435493,projection_OBY02PROJ2
2031,19,56661.6829787925,projection_OBY02PROJ2
2031,20,60604.275726482796,projection_OBY02PROJ2
2031,21,61891.5359881106,projection_OBY02PROJ2
2031,22,62666.0317167622,projection_OBY02PROJ2
2031,23,60869.8201921535,projection_OBY02PROJ2
2031,24,56609.4856610289,projection_OBY02PROJ2
2031,25,55893.9595379615,projection_OBY02PROJ2
2031,26,54631.7143025048,projection_OBY02PROJ2
2031,27,53773.9339843404,projection_OBY02PROJ2
2031,28,53151.98373246,projection_OBY02PROJ2
2031,29,52268.9845300192,projection_OBY02PROJ2
2031,30,51970.1208263623,projection_OBY02PROJ2
2031,31,51239.5701532959,projection_OBY02PROJ2
2031,32,52048.8667289819,projection_OBY02PROJ2
2031,33,52510.1727989162,projection_OBY02PROJ2
2031,34,52661.4884823408,projection_OBY02PROJ2
2031,35,55029.8736651136,projection_OBY02PROJ2
2031,36,60349.6383864811,projection_OBY02PROJ2
2031,37,66414.8247945667,projection_OBY02PROJ2
2031,38,66514.7547386799,projection_OBY02PROJ2
2031,39,69872.9944305682,projection_OBY02PROJ2
2031,40,70233.076535639,projection_OBY02PROJ2
2031,41,69288.63760744879,projection_OBY02PROJ2
2031,42,71808.8869840559,projection_OBY02PROJ2
2031,43,70174.4068218504,projection_OBY02PROJ2
2031,44,71359.2758727109,projection_OBY02PROJ2
2031,45,72314.4573723059,projection_OBY02PROJ2
2031,46,72536.3650537062,projection_OBY02PROJ2
2031,47,72787.582985075,projection_OBY02PROJ2
2031,48,73954.92724860301,projection_OBY02PROJ2
2031,49,73967.1215781977,projection_OBY02PROJ2
2032,15,57322.1872932707,projection_OBY02PROJ2
2032,16,56478.2024713024,projection_OBY02PROJ2
2032,17,56490.9267192689,projection_OBY02PROJ2
2032,18,55472.3719192298,projection_OBY02PROJ2
2032,19,57119.0367626624,projection_OBY02PROJ2
2032,20,57058.653192167694,projection_OBY02PROJ2
2032,21,60965.3504979018,projection_OBY02PROJ2
2032,22,62275.829107848804,projection_OBY02PROJ2
2032,23,63111.808759798,projection_OBY02PROJ2
2032,24,61376.6912968401,projection_OBY02PROJ2
2032,25,57167.5248438598,projection_OBY02PROJ2
2032,26,56482.8037008862,projection_OBY02PROJ2
2032,27,55229.4102008155,projection_OBY02PROJ2
2032,28,54361.4341193866,projection_OBY02PROJ2
2032,29,53713.4895065737,projection_OBY02PROJ2
2032,30,52793.4465199867,projection_OBY02PROJ2
2032,31,52448.1801430328,projection_OBY02PROJ2
2032,32,51668.7147201176,projection_OBY02PROJ2
2032,33,52437.4907249557,projection_OBY02PROJ2
2032,34,52863.2657420538,projection_OBY02PROJ2
2032,35,52979.8914511133,projection_OBY02PROJ2
2032,36,55316.9108676936,projection_OBY02PROJ2
2032,37,60610.771610041294,projection_OBY02PROJ2
2032,38,66654.7449598129,projection_OBY02PROJ2
2032,39,66736.2450496278,projection_OBY02PROJ2
2032,40,70074.2844958519,projection_OBY02PROJ2
2032,41,70414.1195986924,projection_OBY02PROJ2
2032,42,69450.3940488831,projection_OBY02PROJ2
2032,43,71952.17938672,projection_OBY02PROJ2
2032,44,70306.9479016187,projection_OBY02PROJ2
2032,45,71480.9290700434,projection_OBY02PROJ2
2032,46,72422.11563244861,projection_OBY02PROJ2
2032,47,72626.2040855849,projection_OBY02PROJ2
2032,48,72855.2290564537,projection_OBY02PROJ2
2032,49,73995.2891181455,projection_OBY02PROJ2
2033,15,57771.949699062505,projection_OBY02PROJ2
2033,16,57507.9076911614,projection_OBY02PROJ2
2033,17,56784.222815595,projection_OBY02PROJ2
2033,18,56903.8700063239,projection_OBY02PROJ2
2033,19,55913.5768068845,projection_OBY02PROJ2
2033,20,57519.8484989844,projection_OBY02PROJ2
2033,21,57425.190041653,projection_OBY02PROJ2
2033,22,61355.675622940194,projection_OBY02PROJ2
2033,23,62730.3920348737,projection_OBY02PROJ2
2033,24,63625.4779932494,projection_OBY02PROJ2
2033,25,61934.001733279,projection_OBY02PROJ2
2033,26,57751.6828890084,projection_OBY02PROJ2
2033,27,57077.493511631095,projection_OBY02PROJ2
2033,28,55819.8316316309,projection_OBY02PROJ2
2033,29,54928.851884022,projection_OBY02PROJ2
2033,30,54243.4292280077,projection_OBY02PROJ2
2033,31,53277.898365103,projection_OBY02PROJ2
2033,32,52883.6355351091,projection_OBY02PROJ2
2033,33,52061.2047601435,projection_OBY02PROJ2
2033,34,52792.703705703796,projection_OBY02PROJ2
2033,35,53183.6686318101,projection_OBY02PROJ2
2033,36,53268.6799866202,projection_OBY02PROJ2
2033,37,55581.367713716405,projection_OBY02PROJ2
2033,38,60854.5892243207,projection_OBY02PROJ2
2033,39,66877.6887354639,projection_OBY02PROJ2
2033,40,66941.1908711116,projection_OBY02PROJ2
2033,41,70257.64809117871,projection_OBY02PROJ2
2033,42,70577.7810406059,projection_OBY02PROJ2
2033,43,69598.12397458841,projection_OBY02PROJ2
2033,44,72085.89433279091,projection_OBY02PROJ2
2033,45,70432.4716732667,projection_OBY02PROJ2
2033,46,71592.1976319813,projection_OBY02PROJ2
2033,47,72514.9872266166,projection_OBY02PROJ2
2033,48,72697.1939028024,projection_OBY02PROJ2
2033,49,72899.8366359502,projection_OBY02PROJ2
2034,15,57656.4090054814,projection_OBY02PROJ2
2034,16,57959.0456632001,projection_OBY02PROJ2
2034,17,57815.2819133211,projection_OBY02PROJ2
2034,18,57199.056134447,projection_OBY02PROJ2
2034,19,57346.8344405159,projection_OBY02PROJ2
2034,20,56316.067442864995,projection_OBY02PROJ2
2034,21,57890.507173733,projection_OBY02PROJ2
2034,22,57822.3488795695,projection_OBY02PROJ2
2034,23,61817.5567008038,projection_OBY02PROJ2
2034,24,63253.8341871577,projection_OBY02PROJ2
2034,25,64189.9115708872,projection_OBY02PROJ2
2034,26,62515.4411797996,projection_OBY02PROJ2
2034,27,58338.9239881154,projection_OBY02PROJ2
2034,28,57663.991101160806,projection_OBY02PROJ2
2034,29,56390.276328902604,projection_OBY02PROJ2
2034,30,55465.1365736172,projection_OBY02PROJ2
2034,31,54733.536031127,projection_OBY02PROJ2
2034,32,53719.16770834,projection_OBY02PROJ2
2034,33,53281.7571981333,projection_OBY02PROJ2
2034,34,52420.0088423541,projection_OBY02PROJ2
2034,35,53115.2159480507,projection_OBY02PROJ2
2034,36,53474.3003082037,projection_OBY02PROJ2
2034,37,53534.8597770262,projection_OBY02PROJ2
2034,38,55828.4707213855,projection_OBY02PROJ2
2034,39,61081.3562793938,projection_OBY02PROJ2
2034,40,67084.0430361289,projection_OBY02PROJ2
2034,41,67128.5041687043,projection_OBY02PROJ2
2034,42,70423.7907687882,projection_OBY02PROJ2
2034,43,70727.4033994691,projection_OBY02PROJ2
2034,44,69736.5443291742,projection_OBY02PROJ2
2034,45,72212.6251637469,projection_OBY02PROJ2
2034,46,70547.7964484655,projection_OBY02PROJ2
2034,47,71688.818641051,projection_OBY02PROJ2
2034,48,72589.09949333691,projection_OBY02PROJ2
2034,49,72745.2388327353,projection_OBY02PROJ2
2035,15,56201.7763614056,projection_OBY02PROJ2
2035,16,57844.859978272696,projection_OBY02PROJ2
2035,17,58267.916457307205,projection_OBY02PROJ2
2035,18,58231.5897103567,projection_OBY02PROJ2
2035,19,57644.2918504724,projection_OBY02PROJ2
2035,20,57750.8610408034,projection_OBY02PROJ2
2035,21,56688.3916544543,projection_OBY02PROJ2
2035,22,58292.8729819148,projection_OBY02PROJ2
2035,23,58292.3428790686,projection_OBY02PROJ2
2035,24,62349.0340071142,projection_OBY02PROJ2
2035,25,63828.5927627371,projection_OBY02PROJ2
2035,26,64777.2560637113,projection_OBY02PROJ2
2035,27,63097.1143640793,projection_OBY02PROJ2
2035,28,58916.6840840877,projection_OBY02PROJ2
2035,29,58231.1487439938,projection_OBY02PROJ2
2035,30,56930.8071857033,projection_OBY02PROJ2
2035,31,55961.782405855396,projection_OBY02PROJ2
2035,32,55180.0005288892,projection_OBY02PROJ2
2035,33,54122.8113468323,projection_OBY02PROJ2
2035,34,53645.478824371996,projection_OBY02PROJ2
2035,35,52745.6160901044,projection_OBY02PROJ2
2035,36,53407.9298593968,projection_OBY02PROJ2
2035,37,53742.5208789063,projection_OBY02PROJ2
2035,38,53783.8569237598,projection_OBY02PROJ2
2035,39,56058.416580221,projection_OBY02PROJ2
2035,40,61291.6653983177,projection_OBY02PROJ2
2035,41,67272.8821681627,projection_OBY02PROJ2
2035,42,67298.8557980816,projection_OBY02PROJ2
2035,43,70575.9872854274,projection_OBY02PROJ2
2035,44,70867.7371471022,projection_OBY02PROJ2
2035,45,69868.2461196624,projection_OBY02PROJ2
2035,46,72329.084821851,projection_OBY02PROJ2
2035,47,70648.5972342232,projection_OBY02PROJ2
2035,48,71766.7691088378,projection_OBY02PROJ2
2035,49,72640.2910488223,projection_OBY02PROJ2
2036,15,55361.0454687469,projection_OBY02PROJ2
2036,16,56391.778102786804,projection_OBY02PROJ2
2036,17,58155.2164799777,projection_OBY02PROJ2
2036,18,58685.9048393968,projection_OBY02PROJ2
2036,19,58678.4911283333,projection_OBY02PROJ2
2036,20,58050.374973975995,projection_OBY02PROJ2
2036,21,58124.8439768604,projection_OBY02PROJ2
2036,22,57093.0735186104,projection_OBY02PROJ2
2036,23,58768.9553151009,projection_OBY02PROJ2
2036,24,58832.9584820609,projection_OBY02PROJ2
2036,25,62932.4014053493,projection_OBY02PROJ2
2036,26,64425.5019573895,projection_OBY02PROJ2
2036,27,65362.992069480104,projection_OBY02PROJ2
2036,28,63668.1616411137,projection_OBY02PROJ2
2036,29,59475.9153942813,projection_OBY02PROJ2
2036,30,58770.560721602,projection_OBY02PROJ2
2036,31,57432.6548593094,projection_OBY02PROJ2
2036,32,56414.2865841424,projection_OBY02PROJ2
2036,33,55588.6163582559,projection_OBY02PROJ2
2036,34,54491.5775316612,projection_OBY02PROJ2
2036,35,53975.0434577783,projection_OBY02PROJ2
2036,36,53040.9971540346,projection_OBY02PROJ2
2036,37,53678.5882254466,projection_OBY02PROJ2
2036,38,53993.7361696237,projection_OBY02PROJ2
2036,39,54015.5314852601,projection_OBY02PROJ2
2036,40,56272.0202229339,projection_OBY02PROJ2
2036,41,61484.9030663473,projection_OBY02PROJ2
2036,42,67444.88454171931,projection_OBY02PROJ2
2036,43,67455.5203076585,projection_OBY02PROJ2
2036,44,70719.0398721756,projection_OBY02PROJ2
2036,45,71001.3792210037,projection_OBY02PROJ2
2036,46,69989.9405238635,projection_OBY02PROJ2
2036,47,72430.8872156755,projection_OBY02PROJ2
2036,48,70730.7889313487,projection_OBY02PROJ2
2036,49,71821.8637223726,projection_OBY02PROJ2
2037,15,57087.0749246462,projection_OBY02PROJ2
2037,16,55552.746327556204,projection_OBY02PROJ2
2037,17,56703.9640462819,projection_OBY02PROJ2
2037,18,58574.8614898313,projection_OBY02PROJ2
2037,19,59134.6736097097,projection_OBY02PROJ2
2037,20,59085.9835108665,projection_OBY02PROJ2
2037,21,58426.581919148,projection_OBY02PROJ2
2037,22,58531.910569255,projection_OBY02PROJ2
2037,23,57571.7973948175,projection_OBY02PROJ2
2037,24,59316.0635169242,projection_OBY02PROJ2
2037,25,59426.3331592276,projection_OBY02PROJ2
2037,26,63537.643590371,projection_OBY02PROJ2
2037,27,65019.8562028995,projection_OBY02PROJ2
2037,28,65937.9400785145,projection_OBY02PROJ2
2037,29,64221.8260411756,projection_OBY02PROJ2
2037,30,60010.0253094138,projection_OBY02PROJ2
2037,31,59273.3403076345,projection_OBY02PROJ2
2037,32,57890.7149047597,projection_OBY02PROJ2
2037,33,56828.6316107469,projection_OBY02PROJ2
2037,34,55961.8473109262,projection_OBY02PROJ2
2037,35,54825.3472038626,projection_OBY02PROJ2
2037,36,54273.4996377678,projection_OBY02PROJ2
2037,37,53314.2653407802,projection_OBY02PROJ2
2037,38,53932.3903671461,projection_OBY02PROJ2
2037,39,54227.3597748938,projection_OBY02PROJ2
2037,40,54230.9245398281,projection_OBY02PROJ2
2037,41,56469.0235519171,projection_OBY02PROJ2
2037,42,61661.8338831091,projection_OBY02PROJ2
2037,43,67603.3112360755,projection_OBY02PROJ2
2037,44,67603.3590500581,projection_OBY02PROJ2
2037,45,70855.56248583511,projection_OBY02PROJ2
2037,46,71124.9599795983,projection_OBY02PROJ2
2037,47,70097.1626960756,projection_OBY02PROJ2
2037,48,72513.8550362888,projection_OBY02PROJ2
2037,49,70790.1896722386,projection_OBY02PROJ2
2038,15,50757.090587599,projection_OBY02PROJ2
2038,16,57280.335585706,projection_OBY02PROJ2
2038,17,55867.523988189205,projection_OBY02PROJ2
2038,18,57125.8179106659,projection_OBY02PROJ2
2038,19,59025.4150423157,projection_OBY02PROJ2
2038,20,59543.7981471149,projection_OBY02PROJ2
2038,21,59463.8111899028,projection_OBY02PROJ2
2038,22,58836.7336271498,projection_OBY02PROJ2
2038,23,59013.4098398171,projection_OBY02PROJ2
2038,24,58121.2769600628,projection_OBY02PROJ2
2038,25,59916.1121423942,projection_OBY02PROJ2
2038,26,60042.105500040896,projection_OBY02PROJ2
2038,27,64140.3684166622,projection_OBY02PROJ2
2038,28,65603.7299074794,projection_OBY02PROJ2
2038,29,66496.7836302772,projection_OBY02PROJ2
2038,30,64752.9181799766,projection_OBY02PROJ2
2038,31,60510.1710102248,projection_OBY02PROJ2
2038,32,59733.8356045194,projection_OBY02PROJ2
2038,33,58310.927979018,projection_OBY02PROJ2
2038,34,57206.8687814962,projection_OBY02PROJ2
2038,35,56299.1376328704,projection_OBY02PROJ2
2038,36,55127.1693871715,projection_OBY02PROJ2
2038,37,54549.4249830189,projection_OBY02PROJ2
2038,38,53570.596237119404,projection_OBY02PROJ2
2038,39,54168.4070438667,projection_OBY02PROJ2
2038,40,54444.6172484699,projection_OBY02PROJ2
2038,41,54430.0138297288,projection_OBY02PROJ2
2038,42,56650.1649340828,projection_OBY02PROJ2
2038,43,61825.592535969095,projection_OBY02PROJ2
2038,44,67753.0454379209,projection_OBY02PROJ2
2038,45,67744.9529958195,projection_OBY02PROJ2
2038,46,70982.0448030512,projection_OBY02PROJ2
2038,47,71233.9136531435,projection_OBY02PROJ2
2038,48,70185.7044193552,projection_OBY02PROJ2
2038,49,72573.7620160069,projection_OBY02PROJ2
2039,15,45364.371693128,projection_OBY02PROJ2
2039,16,50951.797266504,projection_OBY02PROJ2
2039,17,57597.607192458396,projection_OBY02PROJ2
2039,18,56292.681844422,projection_OBY02PROJ2
2039,19,57578.779770570996,projection_OBY02PROJ2
2039,20,59436.0920477821,projection_OBY02PROJ2
2039,21,59923.2816203399,projection_OBY02PROJ2
2039,22,59876.238574295996,projection_OBY02PROJ2
2039,23,59321.8224629507,projection_OBY02PROJ2
2039,24,59565.5551599062,projection_OBY02PROJ2
2039,25,58723.3202051684,projection_OBY02PROJ2
2039,26,60538.4355097956,projection_OBY02PROJ2
2039,27,60656.134720896596,projection_OBY02PROJ2
2039,28,64733.6322766255,projection_OBY02PROJ2
2039,29,66172.3928656418,projection_OBY02PROJ2
2039,30,67034.8772596508,projection_OBY02PROJ2
2039,31,65252.4810669511,projection_OBY02PROJ2
2039,32,60970.1706045925,projection_OBY02PROJ2
2039,33,60157.809501083204,projection_OBY02PROJ2
2039,34,58694.8438083232,projection_OBY02PROJ2
2039,35,57548.0740170122,projection_OBY02PROJ2
2039,36,56603.5869758536,projection_OBY02PROJ2
2039,37,55406.0617669289,projection_OBY02PROJ2
2039,38,54808.0307925919,projection_OBY02PROJ2
2039,39,53808.754222228,projection_OBY02PROJ2
2039,40,54387.8799515007,projection_OBY02PROJ2
2039,41,54645.5565618436,projection_OBY02PROJ2
2039,42,54613.4772440254,projection_OBY02PROJ2
2039,43,56818.5082644942,projection_OBY02PROJ2
2039,44,61981.1281242381,projection_OBY02PROJ2
2039,45,67896.582679493,projection_OBY02PROJ2
2039,46,67876.7168737152,projection_OBY02PROJ2
2039,47,71093.8796344363,projection_OBY02PROJ2
2039,48,71324.00128535539,projection_OBY02PROJ2
2039,49,70251.4284482404,projection_OBY02PROJ2
2040,15,41614.405518541,projection_OBY02PROJ2
2040,16,45560.0202352244,projection_OBY02PROJ2
2040,17,51271.302671248,projection_OBY02PROJ2
2040,18,58026.353144081804,projection_OBY02PROJ2
2040,19,56749.421369701,projection_OBY02PROJ2
2040,20,57991.6975952606,projection_OBY02PROJ2
2040,21,59817.0850229955,projection_OBY02PROJ2
2040,22,60337.6627244036,projection_OBY02PROJ2
2040,23,60363.8872543198,projection_OBY02PROJ2
2040,24,59877.6115123758,projection_OBY02PROJ2
2040,25,60170.0499335262,projection_OBY02PROJ2
2040,26,59347.0781440924,projection_OBY02PROJ2
2040,27,61159.0826526686,projection_OBY02PROJ2
2040,28,61261.8801858026,projection_OBY02PROJ2
2040,29,65312.84918044,projection_OBY02PROJ2
2040,30,66721.1488012691,projection_OBY02PROJ2
2040,31,67542.3494494976,projection_OBY02PROJ2
2040,32,65713.4886216366,projection_OBY02PROJ2
2040,33,61395.6170516382,projection_OBY02PROJ2
2040,34,60546.2671723291,projection_OBY02PROJ2
2040,35,59041.119880445694,projection_OBY02PROJ2
2040,36,57855.5505845678,projection_OBY02PROJ2
2040,37,56884.7201214062,projection_OBY02PROJ2
2040,38,55667.2607688235,projection_OBY02PROJ2
2040,39,55047.8448217823,projection_OBY02PROJ2
2040,40,54030.089174192995,projection_OBY02PROJ2
2040,41,54590.9329771356,projection_OBY02PROJ2
2040,42,54830.7759911229,projection_OBY02PROJ2
2040,43,54784.3037639513,projection_OBY02PROJ2
2040,44,56979.0594696736,projection_OBY02PROJ2
2040,45,62130.8804718278,projection_OBY02PROJ2
2040,46,68030.2554112756,projection_OBY02PROJ2
2040,47,67994.0577101206,projection_OBY02PROJ2
2040,48,71186.8029409898,projection_OBY02PROJ2
2040,49,71391.1111380837,projection_OBY02PROJ2
2041,15,41502.5515613537,projection_OBY02PROJ2
2041,16,41811.0965733401,projection_OBY02PROJ2
2041,17,45881.2485306084,projection_OBY02PROJ2
2041,18,51703.4185775864,projection_OBY02PROJ2
2041,19,58487.281648098,projection_OBY02PROJ2
2041,20,57166.2241705038,projection_OBY02PROJ2
2041,21,58374.8289050761,projection_OBY02PROJ2
2041,22,60233.0382587866,projection_OBY02PROJ2
2041,23,60827.3061762093,projection_OBY02PROJ2
2041,24,60922.1819118497,projection_OBY02PROJ2
2041,25,60485.6359590922,projection_OBY02PROJ2
2041,26,60795.9191542287,projection_OBY02PROJ2
2041,27,59968.8508822077,projection_OBY02PROJ2
2041,28,61771.8467687725,projection_OBY02PROJ2
2041,29,61854.444973162696,projection_OBY02PROJ2
2041,30,65872.7386807063,projection_OBY02PROJ2
2041,31,67238.9580536985,projection_OBY02PROJ2
2041,32,68011.09199518259,projection_OBY02PROJ2
2041,33,66141.3797149851,projection_OBY02PROJ2
2041,34,61786.9838201616,projection_OBY02PROJ2
2041,35,60897.2076773918,projection_OBY02PROJ2
2041,36,59353.1142404508,projection_OBY02PROJ2
2041,37,58139.277129754206,projection_OBY02PROJ2
2041,38,57147.7784959602,projection_OBY02PROJ2
2041,39,55909.1023376245,projection_OBY02PROJ2
2041,40,55270.4833488344,projection_OBY02PROJ2
2041,41,54234.9841005005,projection_OBY02PROJ2
2041,42,54778.1927237273,projection_OBY02PROJ2
2041,43,55003.274691776,projection_OBY02PROJ2
2041,44,54947.5848068395,projection_OBY02PROJ2
2041,45,57134.196595611,projection_OBY02PROJ2
2041,46,62271.0787090546,projection_OBY02PROJ2
2041,47,68149.4062005543,projection_OBY02PROJ2
2041,48,68092.7047499869,projection_OBY02PROJ2
2041,49,71256.7110337193,projection_OBY02PROJ2
2042,15,41387.644693856404,projection_OBY02PROJ2
2042,16,41700.1668004069,projection_OBY02PROJ2
2042,17,42134.0830778596,projection_OBY02PROJ2
2042,18,46315.7288065721,projection_OBY02PROJ2
2042,19,52168.1120074493,projection_OBY02PROJ2
2042,20,58908.592307276,projection_OBY02PROJ2
2042,21,57553.0729501527,projection_OBY02PROJ2
2042,22,58792.8005325775,projection_OBY02PROJ2
2042,23,60724.3277158191,projection_OBY02PROJ2
2042,24,61387.4386786841,projection_OBY02PROJ2
2042,25,61532.5767595438,projection_OBY02PROJ2
2042,26,61114.6789762562,projection_OBY02PROJ2
2042,27,61419.470034214,projection_OBY02PROJ2
2042,28,60582.861099333495,projection_OBY02PROJ2
2042,29,62371.6242103978,projection_OBY02PROJ2
2042,30,62427.728689212,projection_OBY02PROJ2
2042,31,66401.1928017319,projection_OBY02PROJ2
2042,32,67716.9605670522,projection_OBY02PROJ2
2042,33,68446.3813436661,projection_OBY02PROJ2
2042,34,66535.9630493536,projection_OBY02PROJ2
2042,35,62141.4745935252,projection_OBY02PROJ2
2042,36,61213.7370336276,projection_OBY02PROJ2
2042,37,59640.9299574523,projection_OBY02PROJ2
2042,38,58404.5141393867,projection_OBY02PROJ2
2042,39,57390.9915399008,projection_OBY02PROJ2
2042,40,56133.4495122807,projection_OBY02PROJ2
2042,41,55476.6090825431,projection_OBY02PROJ2
2042,42,54424.1471435656,projection_OBY02PROJ2
2042,43,54952.6525177208,projection_OBY02PROJ2
2042,44,55168.2410011657,projection_OBY02PROJ2
2042,45,55105.6144956646,projection_OBY02PROJ2
2042,46,57280.035288645,projection_OBY02PROJ2
2042,47,62397.1521552264,projection_OBY02PROJ2
2042,48,68249.8348669081,projection_OBY02PROJ2
2042,49,68168.61221431711,projection_OBY02PROJ2
2043,15,41344.7529193219,projection_OBY02PROJ2
2043,16,41586.1768682617,projection_OBY02PROJ2
2043,17,42024.8257741531,projection_OBY02PROJ2
2043,18,42570.8451205991,projection_OBY02PROJ2
2043,19,46782.9398995996,projection_OBY02PROJ2
2043,20,52593.4028454565,projection_OBY02PROJ2
2043,21,59300.2379397848,projection_OBY02PROJ2
2043,22,57974.7107529561,projection_OBY02PROJ2
2043,23,59286.0504071255,projection_OBY02PROJ2
2043,24,61286.1519730611,projection_OBY02PROJ2
2043,25,61999.4503491753,projection_OBY02PROJ2
2043,26,62163.6910050356,projection_OBY02PROJ2
2043,27,61741.149399281,projection_OBY02PROJ2
2043,28,62035.3268005312,projection_OBY02PROJ2
2043,29,61184.169598912194,projection_OBY02PROJ2
2043,30,62951.8890794327,projection_OBY02PROJ2
2043,31,62968.8302321418,projection_OBY02PROJ2
2043,32,66888.894210903,projection_OBY02PROJ2
2043,33,68160.3096521571,projection_OBY02PROJ2
2043,34,68847.5750649807,projection_OBY02PROJ2
2043,35,66893.861471482,projection_OBY02PROJ2
2043,36,62461.8261619617,projection_OBY02PROJ2
2043,37,61505.973948380895,projection_OBY02PROJ2
2043,38,59909.862093691205,projection_OBY02PROJ2
2043,39,58649.3617065475,projection_OBY02PROJ2
2043,40,57616.3575691639,projection_OBY02PROJ2
2043,41,56341.1755024105,projection_OBY02PROJ2
2043,42,55666.927033370404,projection_OBY02PROJ2
2043,43,54600.49846067,projection_OBY02PROJ2
2043,44,55119.5439140043,projection_OBY02PROJ2
2043,45,55327.8661541438,projection_OBY02PROJ2
2043,46,55254.3929449831,projection_OBY02PROJ2
2043,47,57412.084244940605,projection_OBY02PROJ2
2043,48,62504.9664292194,projection_OBY02PROJ2
2043,49,68327.4657902176,projection_OBY02PROJ2
2044,15,41539.4564010859,projection_OBY02PROJ2
2044,16,41544.2141587366,projection_OBY02PROJ2
2044,17,41912.4872153742,projection_OBY02PROJ2
2044,18,42463.8219040789,projection_OBY02PROJ2
2044,19,43040.4889223271,projection_OBY02PROJ2
2044,20,47210.7664980962,projection_OBY02PROJ2
2044,21,52989.1122538129,projection_OBY02PROJ2
2044,22,59726.8675517537,projection_OBY02PROJ2
2044,23,58471.7890734756,projection_OBY02PROJ2
2044,24,59849.9696693131,projection_OBY02PROJ2
2044,25,61899.8994584083,projection_OBY02PROJ2
2044,26,62631.876087666504,projection_OBY02PROJ2
2044,27,62792.0208757794,projection_OBY02PROJ2
2044,28,62360.0045443009,projection_OBY02PROJ2
2044,29,62638.7308042421,projection_OBY02PROJ2
2044,30,61766.151036568204,projection_OBY02PROJ2
2044,31,63499.1940573872,projection_OBY02PROJ2
2044,32,63467.8047132222,projection_OBY02PROJ2
2044,33,67340.7365559127,projection_OBY02PROJ2
2044,34,68568.2158323213,projection_OBY02PROJ2
2044,35,69211.1019795649,projection_OBY02PROJ2
2044,36,67217.4785807763,projection_OBY02PROJ2
2044,37,62758.0620898312,projection_OBY02PROJ2
2044,38,61779.1484579805,projection_OBY02PROJ2
2044,39,60157.8867309992,projection_OBY02PROJ2
2044,40,58876.076898985,projection_OBY02PROJ2
2044,41,57825.0406778286,projection_OBY02PROJ2
2044,42,56533.0000881651,projection_OBY02PROJ2
2044,43,55844.3470775368,projection_OBY02PROJ2
2044,44,54769.3558700561,projection_OBY02PROJ2
2044,45,55281.1036480978,projection_OBY02PROJ2
2044,46,55478.1794588216,projection_OBY02PROJ2
2044,47,55389.490218382605,projection_OBY02PROJ2
2044,48,57526.2197937904,projection_OBY02PROJ2
2044,49,62590.4483343219,projection_OBY02PROJ2
2045,15,42005.172265443696,projection_OBY02PROJ2
2045,16,41739.8608424176,projection_OBY02PROJ2
2045,17,41872.1901784026,projection_OBY02PROJ2
2045,18,42353.8577011743,projection_OBY02PROJ2
2045,19,42936.0315527315,projection_OBY02PROJ2
2045,20,43470.783418486695,projection_OBY02PROJ2
2045,21,47608.7070394561,projection_OBY02PROJ2
2045,22,53419.5651576394,projection_OBY02PROJ2
2045,23,60229.2772844933,projection_OBY02PROJ2
2045,24,59039.8454362627,projection_OBY02PROJ2
2045,25,60466.0023825239,projection_OBY02PROJ2
2045,26,62534.1243474344,projection_OBY02PROJ2
2045,27,63261.2875557282,projection_OBY02PROJ2
2045,28,63412.5989226228,projection_OBY02PROJ2
2045,29,62966.4854800982,projection_OBY02PROJ2
2045,30,63223.0529087587,projection_OBY02PROJ2
2045,31,62315.3207184334,projection_OBY02PROJ2
2045,32,64003.5157644076,projection_OBY02PROJ2
2045,33,63929.3703934737,projection_OBY02PROJ2
2045,34,67755.7833568884,projection_OBY02PROJ2
2045,35,68937.2618964718,projection_OBY02PROJ2
2045,36,69539.3959825826,projection_OBY02PROJ2
2045,37,67516.8475718449,projection_OBY02PROJ2
2045,38,63035.3363495901,projection_OBY02PROJ2
2045,39,62031.1323511523,projection_OBY02PROJ2
2045,40,60387.4736777193,projection_OBY02PROJ2
2045,41,59085.9848588152,projection_OBY02PROJ2
2045,42,58017.7277448088,projection_OBY02PROJ2
2045,43,56711.8215638561,projection_OBY02PROJ2
2045,44,56014.300619403104,projection_OBY02PROJ2
2045,45,54932.977012998905,projection_OBY02PROJ2
2045,46,55433.3473196601,projection_OBY02PROJ2
2045,47,55614.7998455277,projection_OBY02PROJ2
2045,48,55506.8094685201,projection_OBY02PROJ2
2045,49,57618.3851162345,projection_OBY02PROJ2
2046,15,42608.6703155181,projection_OBY02PROJ2
2046,16,42206.5410063755,projection_OBY02PROJ2
2046,17,42069.4983923614,projection_OBY02PROJ2
2046,18,42315.9363968446,projection_OBY02PROJ2
2046,19,42828.9068258973,projection_OBY02PROJ2
2046,20,43369.043220603904,projection_OBY02PROJ2
2046,21,43870.8902340852,projection_OBY02PROJ2
2046,22,48040.6374436515,projection_OBY02PROJ2
2046,23,53925.7788028491,projection_OBY02PROJ2
2046,24,60803.3615181336,projection_OBY02PROJ2
2046,25,59660.2929105232,projection_OBY02PROJ2
2046,26,61102.8237285266,projection_OBY02PROJ2
2046,27,63165.6080517431,projection_OBY02PROJ2
2046,28,63882.8315682329,projection_OBY02PROJ2
2046,29,64020.8909189136,projection_OBY02PROJ2
2046,30,63554.1495132865,projection_OBY02PROJ2
2046,31,63774.8871528269,projection_OBY02PROJ2
2046,32,62821.7086569315,projection_OBY02PROJ2
2046,33,64469.5101067667,projection_OBY02PROJ2
2046,34,64352.6724999816,projection_OBY02PROJ2
2046,35,68130.8752372961,projection_OBY02PROJ2
2046,36,69270.074917944,projection_OBY02PROJ2
2046,37,69842.85213612541,projection_OBY02PROJ2
2046,38,67797.1000781409,projection_OBY02PROJ2
2046,39,63291.2916868915,projection_OBY02PROJ2
2046,40,62264.3321560793,projection_OBY02PROJ2
2046,41,60599.8995496969,projection_OBY02PROJ2
2046,42,59279.7832864474,projection_OBY02PROJ2
2046,43,58197.3502841321,projection_OBY02PROJ2
2046,44,56883.1994787344,projection_OBY02PROJ2
2046,45,56178.9935410227,projection_OBY02PROJ2
2046,46,55087.2854334893,projection_OBY02PROJ2
2046,47,55571.880855508,projection_OBY02PROJ2
2046,48,55733.59380982,projection_OBY02PROJ2
2046,49,55602.2080050954,projection_OBY02PROJ2
2047,15,42668.7738011776,projection_OBY02PROJ2
2047,16,42811.0396706776,projection_OBY02PROJ2
2047,17,42537.8355037028,projection_OBY02PROJ2
2047,18,42515.5893421387,projection_OBY02PROJ2
2047,19,42793.8301458625,projection_OBY02PROJ2
2047,20,43264.9442462966,projection_OBY02PROJ2
2047,21,43771.7542881992,projection_OBY02PROJ2
2047,22,44304.4919846247,projection_OBY02PROJ2
2047,23,48548.1903863141,projection_OBY02PROJ2
2047,24,54504.4603086839,projection_OBY02PROJ2
2047,25,61430.5282128649,projection_OBY02PROJ2
2047,26,60301.846343122204,projection_OBY02PROJ2
2047,27,61737.3153747471,projection_OBY02PROJ2
2047,28,63789.3778095413,projection_OBY02PROJ2
2047,29,64492.1775085076,projection_OBY02PROJ2
2047,30,64610.5573475926,projection_OBY02PROJ2
2047,31,64109.3154660273,projection_OBY02PROJ2
2047,32,64284.0531077575,projection_OBY02PROJ2
2047,33,63289.922186639604,projection_OBY02PROJ2
2047,34,64896.456546407004,projection_OBY02PROJ2
2047,35,64734.776170357,projection_OBY02PROJ2
2047,36,68468.84327789,projection_OBY02PROJ2
2047,37,69577.4126638332,projection_OBY02PROJ2
2047,38,70126.59510471311,projection_OBY02PROJ2
2047,39,68055.6829465203,projection_OBY02PROJ2
2047,40,63528.2179234672,projection_OBY02PROJ2
2047,41,62479.94981707,projection_OBY02PROJ2
2047,42,60795.9273751626,projection_OBY02PROJ2
2047,43,59460.4465085794,projection_OBY02PROJ2
2047,44,58369.554993716,projection_OBY02PROJ2
2047,45,57049.3043628118,projection_OBY02PROJ2
2047,46,56334.2867849644,projection_OBY02PROJ2
2047,47,55227.8926507319,projection_OBY02PROJ2
2047,48,55692.5895968696,projection_OBY02PROJ2
2047,49,55830.361180616004,projection_OBY02PROJ2
2048,15,42863.6548833731,projection_OBY02PROJ2
2048,16,42872.19467792,projection_OBY02PROJ2
2048,17,43143.9935431476,projection_OBY02PROJ2
2048,18,42986.247390772594,projection_OBY02PROJ2
2048,19,42996.297666694896,projection_OBY02PROJ2
2048,20,43232.9038321441,projection_OBY02PROJ2
2048,21,43670.846802020904,projection_OBY02PROJ2
2048,22,44208.0000059883,projection_OBY02PROJ2
2048,23,44813.7868537124,projection_OBY02PROJ2
2048,24,49128.785450933,projection_OBY02PROJ2
2048,25,55137.2065281866,projection_OBY02PROJ2
2048,26,62079.1984545617,projection_OBY02PROJ2
2048,27,60941.024936105,projection_OBY02PROJ2
2048,28,62364.3043184028,projection_OBY02PROJ2
2048,29,64401.0535720479,projection_OBY02PROJ2
2048,30,65083.0753766791,projection_OBY02PROJ2
2048,31,65167.9418064339,projection_OBY02PROJ2
2048,32,64621.813296408596,projection_OBY02PROJ2
2048,33,64755.102635342395,projection_OBY02PROJ2
2048,34,63719.1810976187,projection_OBY02PROJ2
2048,35,65281.6314107118,projection_OBY02PROJ2
2048,36,65078.7892589309,projection_OBY02PROJ2
2048,37,68780.6136719468,projection_OBY02PROJ2
2048,38,69864.4691206976,projection_OBY02PROJ2
2048,39,70388.1477331216,projection_OBY02PROJ2
2048,40,68294.7912861806,projection_OBY02PROJ2
2048,41,63747.224120335,projection_OBY02PROJ2
2048,42,62678.7919914394,projection_OBY02PROJ2
2048,43,60978.6008076566,projection_OBY02PROJ2
2048,44,59633.7236235565,projection_OBY02PROJ2
2048,45,58536.4815740139,projection_OBY02PROJ2
2048,46,57205.958911789,projection_OBY02PROJ2
2048,47,56475.8070433118,projection_OBY02PROJ2
2048,48,55350.6916003381,projection_OBY02PROJ2
2048,49,55791.2802066232,projection_OBY02PROJ2
2049,15,43179.7076084726,projection_OBY02PROJ2
2049,16,43068.1452168916,projection_OBY02PROJ2
2049,17,43206.8499030863,projection_OBY02PROJ2
2049,18,43594.7355263947,projection_OBY02PROJ2
2049,19,43469.7506415016,projection_OBY02PROJ2
2049,20,43438.3785259394,projection_OBY02PROJ2
2049,21,43642.0126255314,projection_OBY02PROJ2
2049,22,44110.628493122,projection_OBY02PROJ2
2049,23,44720.3191418475,projection_OBY02PROJ2
2049,24,45396.5928713169,projection_OBY02PROJ2
2049,25,49764.3379701369,projection_OBY02PROJ2
2049,26,55792.758565724704,projection_OBY02PROJ2
2049,27,62726.0617843345,projection_OBY02PROJ2
2049,28,61572.565578509704,projection_OBY02PROJ2
2049,29,62979.2391735605,projection_OBY02PROJ2
2049,30,64994.3396738063,projection_OBY02PROJ2
2049,31,65641.9244945673,projection_OBY02PROJ2
2049,32,65682.8616594735,projection_OBY02PROJ2
2049,33,65096.0976579338,projection_OBY02PROJ2
2049,34,65187.148161237,projection_OBY02PROJ2
2049,35,64106.7616872074,projection_OBY02PROJ2
2049,36,65628.2855503721,projection_OBY02PROJ2
2049,37,65395.8005626131,projection_OBY02PROJ2
2049,38,69071.4826674902,projection_OBY02PROJ2
2049,39,70128.9053453672,projection_OBY02PROJ2
2049,40,70629.722114761,projection_OBY02PROJ2
2049,41,68515.4544233732,projection_OBY02PROJ2
2049,42,63949.132093097694,projection_OBY02PROJ2
2049,43,62863.976755519994,projection_OBY02PROJ2
2049,44,61153.8004537832,projection_OBY02PROJ2
2049,45,59801.7211781249,projection_OBY02PROJ2
2049,46,58693.8842730252,projection_OBY02PROJ2
2049,47,57348.7901869103,projection_OBY02PROJ2
2049,48,56599.3927301952,projection_OBY02PROJ2
2049,49,55451.4541276664,projection_OBY02PROJ2
2050,15,43599.1327808429,projection_OBY02PROJ2
2050,16,43385.309509383704,projection_OBY02PROJ2
2050,17,43404.5201906823,projection_OBY02PROJ2
2050,18,43659.9535528598,projection_OBY02PROJ2
2050,19,44081.0298603958,projection_OBY02PROJ2
2050,20,43914.8236988856,projection_OBY02PROJ2
2050,21,43850.6815107832,projection_OBY02PROJ2
2050,22,44085.3713548696,projection_OBY02PROJ2
2050,23,44626.978233799004,projection_OBY02PROJ2
2050,24,45306.633317582804,projection_OBY02PROJ2
2050,25,46034.9770604468,projection_OBY02PROJ2
2050,26,50424.4708144227,projection_OBY02PROJ2
2050,27,56448.3587829693,projection_OBY02PROJ2
2050,28,63365.577921348,projection_OBY02PROJ2
2050,29,62191.892218537905,projection_OBY02PROJ2
2050,30,63575.6946316123,projection_OBY02PROJ2
2050,31,65555.6020575702,projection_OBY02PROJ2
2050,32,66158.6442895551,projection_OBY02PROJ2
2050,33,66159.8579551994,projection_OBY02PROJ2
2050,34,65531.3616995029,projection_OBY02PROJ2
2050,35,65577.4236807204,projection_OBY02PROJ2
2050,36,64455.8482006459,projection_OBY02PROJ2
2050,37,65947.5519080912,projection_OBY02PROJ2
2050,38,65691.3051463096,projection_OBY02PROJ2
2050,39,69339.2814053835,projection_OBY02PROJ2
2050,40,70373.06265673321,projection_OBY02PROJ2
2050,41,70852.5247224032,projection_OBY02PROJ2
2050,42,68718.5970739728,projection_OBY02PROJ2
2050,43,64137.1300156226,projection_OBY02PROJ2
2050,44,63041.4289834898,projection_OBY02PROJ2
2050,45,61323.5629611941,projection_OBY02PROJ2
2050,46,59960.131189822896,projection_OBY02PROJ2
2050,47,58837.3688404391,projection_OBY02PROJ2
2050,48,57473.6020902893,projection_OBY02PROJ2
2050,49,56700.7430171783,projection_OBY02PROJ2
2051,15,44099.2342965113,projection_OBY02PROJ2
2051,16,43805.889631936996,projection_OBY02PROJ2
2051,17,43723.4292480769,projection_OBY02PROJ2
2051,18,43859.9693142787,projection_OBY02PROJ2
2051,19,44149.044258697,projection_OBY02PROJ2
2051,20,44529.083062689,projection_OBY02PROJ2
2051,21,44330.3362809924,projection_OBY02PROJ2
2051,22,44297.6569995066,projection_OBY02PROJ2
2051,23,44605.8369334989,projection_OBY02PROJ2
2051,24,45217.876576743096,projection_OBY02PROJ2
2051,25,45949.0147546723,projection_OBY02PROJ2
2051,26,46699.216942747094,projection_OBY02PROJ2
2051,27,51086.7104375581,projection_OBY02PROJ2
2051,28,57097.7090150003,projection_OBY02PROJ2
2051,29,63992.731781778304,projection_OBY02PROJ2
2051,30,62792.5130337307,projection_OBY02PROJ2
2051,31,64140.1102753724,projection_OBY02PROJ2
2051,32,66074.8831805152,projection_OBY02PROJ2
2051,33,66637.8209400585,projection_OBY02PROJ2
2051,34,66598.03005850929,projection_OBY02PROJ2
2051,35,65924.7003165928,projection_OBY02PROJ2
2051,36,65929.0178850201,projection_OBY02PROJ2
2051,37,64777.5006742139,projection_OBY02PROJ2
2051,38,66245.0539807347,projection_OBY02PROJ2
2051,39,65963.3737302381,projection_OBY02PROJ2
2051,40,69586.5599038797,projection_OBY02PROJ2
2051,41,70598.3920888098,projection_OBY02PROJ2
2051,42,71057.5647529521,projection_OBY02PROJ2
2051,43,68907.409309177,projection_OBY02PROJ2
2051,44,64317.1472688397,projection_OBY02PROJ2
2051,45,63213.2665908821,projection_OBY02PROJ2
2051,46,61483.7202648436,projection_OBY02PROJ2
2051,47,60104.586044383,projection_OBY02PROJ2
2051,48,58962.7058929992,projection_OBY02PROJ2
2051,49,57576.0385618939,projection_OBY02PROJ2
2052,15,44651.5934532537,projection_OBY02PROJ2
2052,16,44307.1845680052,projection_OBY02PROJ2
2052,17,44145.776979858,projection_OBY02PROJ2
2052,18,44181.2335019388,projection_OBY02PROJ2
2052,19,44351.8275711108,projection_OBY02PROJ2
2052,20,44600.0705598588,projection_OBY02PROJ2
2052,21,44947.8177221465,projection_OBY02PROJ2
2052,22,44781.0084124703,projection_OBY02PROJ2
2052,23,44822.3272030706,projection_OBY02PROJ2
2052,24,45201.4396049033,projection_OBY02PROJ2
2052,25,45865.3609195892,projection_OBY02PROJ2
2052,26,46617.9470143412,projection_OBY02PROJ2
2052,27,47366.8310169039,projection_OBY02PROJ2
2052,28,51743.6630301592,projection_OBY02PROJ2
2052,29,57734.4209407299,projection_OBY02PROJ2
2052,30,64600.5320964489,projection_OBY02PROJ2
2052,31,63361.0168087047,projection_OBY02PROJ2
2052,32,64662.5777078527,projection_OBY02PROJ2
2052,33,66556.7040821999,projection_OBY02PROJ2
2052,34,67078.3880831314,projection_OBY02PROJ2
2052,35,66994.322839487,projection_OBY02PROJ2
2052,36,66279.2277400083,projection_OBY02PROJ2
2052,37,66253.0498292478,projection_OBY02PROJ2
2052,38,65077.4255262667,projection_OBY02PROJ2
2052,39,66518.9328652691,projection_OBY02PROJ2
2052,40,66214.65956334981,projection_OBY02PROJ2
2052,41,69814.8579894799,projection_OBY02PROJ2
2052,42,70805.86115130011,projection_OBY02PROJ2
2052,43,71248.0236362297,projection_OBY02PROJ2
2052,44,69087.8668645432,projection_OBY02PROJ2
2052,45,64491.42131865,projection_OBY02PROJ2
2052,46,63375.444073713195,projection_OBY02PROJ2
2052,47,61629.839993447196,projection_OBY02PROJ2
2052,48,60230.7568426013,projection_OBY02PROJ2
2052,49,59065.4785564155,projection_OBY02PROJ2
2053,15,45224.2273321159,projection_OBY02PROJ2
2053,16,44860.7685824707,projection_OBY02PROJ2
2053,17,44648.8574863351,projection_OBY02PROJ2
2053,18,44605.9413882348,projection_OBY02PROJ2
2053,19,44675.867734424,projection_OBY02PROJ2
2053,20,44805.7980092521,projection_OBY02PROJ2
2053,21,45021.994132450796,projection_OBY02PROJ2
2053,22,45402.2099813691,projection_OBY02PROJ2
2053,23,45310.0114904348,projection_OBY02PROJ2
2053,24,45422.7411959209,projection_OBY02PROJ2
2053,25,45854.1830095691,projection_OBY02PROJ2
2053,26,46539.7277553875,projection_OBY02PROJ2
2053,27,47290.6558209995,projection_OBY02PROJ2
2053,28,48029.6155824828,projection_OBY02PROJ2
2053,29,52387.536040398496,projection_OBY02PROJ2
2053,30,58350.4930155999,projection_OBY02PROJ2
2053,31,65174.9948089402,projection_OBY02PROJ2
2053,32,63887.2004550985,projection_OBY02PROJ2
2053,33,65147.6223388348,projection_OBY02PROJ2
2053,34,66999.934862357,projection_OBY02PROJ2
2053,35,67477.1989476934,projection_OBY02PROJ2
2053,36,67351.7650812718,projection_OBY02PROJ2
2053,37,66606.0676491358,projection_OBY02PROJ2
2053,38,66555.2591309357,projection_OBY02PROJ2
2053,39,65353.7469097491,projection_OBY02PROJ2
2053,40,66771.9665612829,projection_OBY02PROJ2
2053,41,66446.955401907,projection_OBY02PROJ2
2053,42,70025.1951987815,projection_OBY02PROJ2
2053,43,70998.6982973198,projection_OBY02PROJ2
2053,44,71429.9614211845,projection_OBY02PROJ2
2053,45,69262.3145189642,projection_OBY02PROJ2
2053,46,64655.9929854989,projection_OBY02PROJ2
2053,47,63523.4422299419,projection_OBY02PROJ2
2053,48,61757.499269312495,projection_OBY02PROJ2
2053,49,60334.1339264725,projection_OBY02PROJ2
2054,15,45782.317782987404,projection_OBY02PROJ2
2054,16,45434.6498278804,projection_OBY02PROJ2
2054,17,45204.2400674348,projection_OBY02PROJ2
2054,18,45111.383198183,projection_OBY02PROJ2
2054,19,45103.351074272796,projection_OBY02PROJ2
2054,20,45132.7906016752,projection_OBY02PROJ2
2054,21,45230.8565990293,projection_OBY02PROJ2
2054,22,45480.0208210303,projection_OBY02PROJ2
2054,23,45935.5583855915,projection_OBY02PROJ2
2054,24,45915.3867350532,projection_OBY02PROJ2
2054,25,46080.8587753714,projection_OBY02PROJ2
2054,26,46534.1680529717,projection_OBY02PROJ2
2054,27,47218.009953024695,projection_OBY02PROJ2
2054,28,47958.6009936989,projection_OBY02PROJ2
2054,29,48679.0203327529,projection_OBY02PROJ2
2054,30,53009.3051752807,projection_OBY02PROJ2
2054,31,58931.344257533696,projection_OBY02PROJ2
2054,32,65706.0088792695,projection_OBY02PROJ2
2054,33,64375.664615964,projection_OBY02PROJ2
2054,34,65594.0223662207,projection_OBY02PROJ2
2054,35,67401.3996745085,projection_OBY02PROJ2
2054,36,67837.2177726034,projection_OBY02PROJ2
2054,37,67681.4384280954,projection_OBY02PROJ2
2054,38,66910.9586041544,projection_OBY02PROJ2
2054,39,66833.7802417303,projection_OBY02PROJ2
2054,40,65609.2832839327,projection_OBY02PROJ2
2054,41,67005.977283699,projection_OBY02PROJ2
2054,42,66661.3037066361,projection_OBY02PROJ2
2054,43,70220.8322768996,projection_OBY02PROJ2
2054,44,71183.0940624439,projection_OBY02PROJ2
2054,45,71605.8609400535,projection_OBY02PROJ2
2054,46,69426.8314044813,projection_OBY02PROJ2
2054,47,64806.3201481915,projection_OBY02PROJ2
2054,48,63652.8484916893,projection_OBY02PROJ2
2054,49,61862.17802327,projection_OBY02PROJ2
2055,15,46297.1700052989,projection_OBY02PROJ2
2055,16,45994.0005201371,projection_OBY02PROJ2
2055,17,45779.927900374896,projection_OBY02PROJ2
2055,18,45669.1259667795,projection_OBY02PROJ2
2055,19,45611.5621096271,projection_OBY02PROJ2
2055,20,45563.2236478535,projection_OBY02PROJ2
2055,21,45561.006137485296,projection_OBY02PROJ2
2055,22,45692.4473405636,projection_OBY02PROJ2
2055,23,46017.6026051455,projection_OBY02PROJ2
2055,24,46545.9204136286,projection_OBY02PROJ2
2055,25,46579.0413558614,projection_OBY02PROJ2
2055,26,46766.5583593344,projection_OBY02PROJ2
2055,27,47218.2242928994,projection_OBY02PROJ2
2055,28,47891.5613460116,projection_OBY02PROJ2
2055,29,48612.950865510196,projection_OBY02PROJ2
2055,30,49305.386247923496,projection_OBY02PROJ2
2055,31,53594.4866279098,projection_OBY02PROJ2
2055,32,59467.4203651899,projection_OBY02PROJ2
2055,33,66198.2048623668,projection_OBY02PROJ2
2055,34,64825.1892674032,projection_OBY02PROJ2
2055,35,65998.6185724013,projection_OBY02PROJ2
2055,36,67764.026990321,projection_OBY02PROJ2
2055,37,68169.5055546821,projection_OBY02PROJ2
2055,38,67989.07398817591,projection_OBY02PROJ2
2055,39,67192.0049398797,projection_OBY02PROJ2
2055,40,67091.34695047331,projection_OBY02PROJ2
2055,41,65845.7843794895,projection_OBY02PROJ2
2055,42,67221.9976156672,projection_OBY02PROJ2
2055,43,66861.02963709,projection_OBY02PROJ2
2055,44,70408.0592767497,projection_OBY02PROJ2
2055,45,71361.5144400502,projection_OBY02PROJ2
2055,46,71771.7372089188,projection_OBY02PROJ2
2055,47,69576.8343521417,projection_OBY02PROJ2
2055,48,64937.9925126906,projection_OBY02PROJ2
2055,49,63759.2110693878,projection_OBY02PROJ2
2056,15,46746.903505258306,projection_OBY02PROJ2
2056,16,46510.1165537583,projection_OBY02PROJ2
2056,17,46341.088817878,projection_OBY02PROJ2
2056,18,46247.172161448296,projection_OBY02PROJ2
2056,19,46172.064845413304,projection_OBY02PROJ2
2056,20,46074.3746522984,projection_OBY02PROJ2
2056,21,45994.6023833836,projection_OBY02PROJ2
2056,22,46026.2135394202,projection_OBY02PROJ2
2056,23,46234.2116591694,projection_OBY02PROJ2
2056,24,46632.8528058367,projection_OBY02PROJ2
2056,25,47215.1564981509,projection_OBY02PROJ2
2056,26,47270.5928544451,projection_OBY02PROJ2
2056,27,47456.4418615374,projection_OBY02PROJ2
2056,28,47897.6153681963,projection_OBY02PROJ2
2056,29,48551.3431341984,projection_OBY02PROJ2
2056,30,49243.7213822489,projection_OBY02PROJ2
2056,31,49894.4835179023,projection_OBY02PROJ2
2056,32,54133.8845404341,projection_OBY02PROJ2
2056,33,59963.2343599941,projection_OBY02PROJ2
2056,34,66650.3336967055,projection_OBY02PROJ2
2056,35,65232.6194831055,projection_OBY02PROJ2
2056,36,66364.2991815826,projection_OBY02PROJ2
2056,37,68098.8652217184,projection_OBY02PROJ2
2056,38,68479.7387745741,projection_OBY02PROJ2
2056,39,68272.7510611591,projection_OBY02PROJ2
2056,40,67451.9735602801,projection_OBY02PROJ2
2056,41,67329.7091486047,projection_OBY02PROJ2
2056,42,66064.2957873858,projection_OBY02PROJ2
2056,43,67423.3785422795,projection_OBY02PROJ2
2056,44,67052.4644919216,projection_OBY02PROJ2
2056,45,70589.3312307426,projection_OBY02PROJ2
2056,46,71529.9821283565,projection_OBY02PROJ2
2056,47,71923.0051998424,projection_OBY02PROJ2
2056,48,69707.8679473869,projection_OBY02PROJ2
2056,49,65046.65012387,projection_OBY02PROJ2
2057,15,47112.8414250306,projection_OBY02PROJ2
2057,16,46961.1084818517,projection_OBY02PROJ2
2057,17,46859.0143681747,projection_OBY02PROJ2
2057,18,46810.6902740514,projection_OBY02PROJ2
2057,19,46752.8614962582,projection_OBY02PROJ2
2057,20,46637.8041283847,projection_OBY02PROJ2
2057,21,46508.9128320408,projection_OBY02PROJ2
2057,22,46463.4574641385,projection_OBY02PROJ2
2057,23,46572.2437357487,projection_OBY02PROJ2
2057,24,46854.3199967169,projection_OBY02PROJ2
2057,25,47307.5995462164,projection_OBY02PROJ2
2057,26,47912.5974004995,projection_OBY02PROJ2
2057,27,47966.3964068014,projection_OBY02PROJ2
2057,28,48141.7104310776,projection_OBY02PROJ2
2057,29,48563.1054829746,projection_OBY02PROJ2
2057,30,49187.1797359745,projection_OBY02PROJ2
2057,31,49836.7980708461,projection_OBY02PROJ2
2057,32,50437.2004284077,projection_OBY02PROJ2
2057,33,54631.8896737646,projection_OBY02PROJ2
2057,34,60417.8184100468,projection_OBY02PROJ2
2057,35,67059.6386112199,projection_OBY02PROJ2
2057,36,65600.92231316661,projection_OBY02PROJ2
2057,37,66702.1149371964,projection_OBY02PROJ2
2057,38,68411.5797084094,projection_OBY02PROJ2
2057,39,68766.0060706384,projection_OBY02PROJ2
2057,40,68535.2110046422,projection_OBY02PROJ2
2057,41,67692.5851432252,projection_OBY02PROJ2
2057,42,67549.9037845924,projection_OBY02PROJ2
2057,43,66268.16172333021,projection_OBY02PROJ2
2057,44,67616.514177751,projection_OBY02PROJ2
2057,45,67238.1501170155,projection_OBY02PROJ2
2057,46,70760.6963372567,projection_OBY02PROJ2
2057,47,71683.8761407851,projection_OBY02PROJ2
2057,48,72055.1639010857,projection_OBY02PROJ2
2057,49,69815.6286277047,projection_OBY02PROJ2
2058,15,47384.482793373,projection_OBY02PROJ2
2058,16,47328.2909119786,projection_OBY02PROJ2
2058,17,47311.8093364008,projection_OBY02PROJ2
2058,18,47330.9715862441,projection_OBY02PROJ2
2058,19,47319.1223668381,projection_OBY02PROJ2
2058,20,47221.514553689296,projection_OBY02PROJ2
2058,21,47075.4915601941,projection_OBY02PROJ2
2058,22,46981.4301685695,projection_OBY02PROJ2
2058,23,47013.8117184683,projection_OBY02PROJ2
2058,24,47197.317067824,projection_OBY02PROJ2
2058,25,47534.5708504432,projection_OBY02PROJ2
2058,26,48010.9320889439,projection_OBY02PROJ2
2058,27,48614.4013366214,projection_OBY02PROJ2
2058,28,48657.6247448848,projection_OBY02PROJ2
2058,29,48812.9711575893,projection_OBY02PROJ2
2058,30,49204.3352073585,projection_OBY02PROJ2
2058,31,49784.7918236727,projection_OBY02PROJ2
2058,32,50382.9243217498,projection_OBY02PROJ2
2058,33,50937.864516240705,projection_OBY02PROJ2
2058,34,55087.9799371268,projection_OBY02PROJ2
2058,35,60829.0313781122,projection_OBY02PROJ2
2058,36,67429.3379936218,projection_OBY02PROJ2
2058,37,65941.1923083961,projection_OBY02PROJ2
2058,38,67017.6812778692,projection_OBY02PROJ2
2058,39,68700.314233707,projection_OBY02PROJ2
2058,40,69030.9994765167,projection_OBY02PROJ2
2058,41,68778.1466646608,projection_OBY02PROJ2
2058,42,67914.9532866836,projection_OBY02PROJ2
2058,43,67755.3547264845,projection_OBY02PROJ2
2058,44,66463.8147990682,projection_OBY02PROJ2
2058,45,67803.8903996095,projection_OBY02PROJ2
2058,46,67414.10962219701,projection_OBY02PROJ2
2058,47,70917.5157306722,projection_OBY02PROJ2
2058,48,71818.6598911048,projection_OBY02PROJ2
2058,49,72163.9224574062,projection_OBY02PROJ2
2059,15,47558.3819079645,projection_OBY02PROJ2
2059,16,47601.1553133308,projection_OBY02PROJ2
2059,17,47680.781674010505,projection_OBY02PROJ2
2059,18,47786.1174994424,projection_OBY02PROJ2
2059,19,47842.139063987,projection_OBY02PROJ2
2059,20,47790.678890256,projection_OBY02PROJ2
2059,21,47662.3388519144,projection_OBY02PROJ2
2059,22,47551.6722290116,projection_OBY02PROJ2
2059,23,47536.143843546204,projection_OBY02PROJ2
2059,24,47643.931818796504,projection_OBY02PROJ2
2059,25,47883.1962901002,projection_OBY02PROJ2
2059,26,48243.8489928027,projection_OBY02PROJ2
2059,27,48718.8439008633,projection_OBY02PROJ2
2059,28,49311.7197942132,projection_OBY02PROJ2
2059,29,49334.7710903151,projection_OBY02PROJ2
2059,30,49459.7124972539,projection_OBY02PROJ2
2059,31,49806.8275003428,projection_OBY02PROJ2
2059,32,50334.775104954,projection_OBY02PROJ2
2059,33,50886.4162911455,projection_OBY02PROJ2
2059,34,51396.2438519404,projection_OBY02PROJ2
2059,35,55500.5216058938,projection_OBY02PROJ2
2059,36,61200.4247759605,projection_OBY02PROJ2
2059,37,67770.722647879,projection_OBY02PROJ2
2059,38,66259.1513309102,projection_OBY02PROJ2
2059,39,67309.2436510995,projection_OBY02PROJ2
2059,40,68967.7077438487,projection_OBY02PROJ2
2059,41,69276.3168527036,projection_OBY02PROJ2
2059,42,69002.6901612124,projection_OBY02PROJ2
2059,43,68122.5266333275,projection_OBY02PROJ2
2059,44,67952.4622728891,projection_OBY02PROJ2
2059,45,66653.7274669934,projection_OBY02PROJ2
2059,46,67981.5506022649,projection_OBY02PROJ2
2059,47,67575.7253308034,projection_OBY02PROJ2
2059,48,71055.2400218386,projection_OBY02PROJ2
2059,49,71930.0102744794,projection_OBY02PROJ2
2060,15,47636.638005872,projection_OBY02PROJ2
2060,16,47776.2497948689,projection_OBY02PROJ2
2060,17,47955.4164357055,projection_OBY02PROJ2
2060,18,48157.430405272404,projection_OBY02PROJ2
2060,19,48300.0090734332,projection_OBY02PROJ2
2060,20,48316.589108776694,projection_OBY02PROJ2
2060,21,48234.62789938,projection_OBY02PROJ2
2060,22,48142.1746761808,projection_OBY02PROJ2
2060,23,48110.7602687,projection_OBY02PROJ2
2060,24,48171.3653446498,projection_OBY02PROJ2
2060,25,48335.5403611688,projection_OBY02PROJ2
2060,26,48598.5376550516,projection_OBY02PROJ2
2060,27,48957.952216567,projection_OBY02PROJ2
2060,28,49422.4241624483,projection_OBY02PROJ2
2060,29,49994.918002831204,projection_OBY02PROJ2
2060,30,49987.1984992193,projection_OBY02PROJ2
2060,31,50067.2519471886,projection_OBY02PROJ2
2060,32,50360.9980334563,projection_OBY02PROJ2
2060,33,50841.469741693,projection_OBY02PROJ2
2060,34,51347.2018427135,projection_OBY02PROJ2
2060,35,51810.9442994078,projection_OBY02PROJ2
2060,36,55873.2178943991,projection_OBY02PROJ2
2060,37,61543.3187463656,projection_OBY02PROJ2
2060,38,68089.4694688197,projection_OBY02PROJ2
2060,39,66553.0115427356,projection_OBY02PROJ2
2060,40,67579.4301732137,projection_OBY02PROJ2
2060,41,69215.3526966834,projection_OBY02PROJ2
2060,42,69503.1122466363,projection_OBY02PROJ2
2060,43,69212.2826742867,projection_OBY02PROJ2
2060,44,68321.68496547779,projection_OBY02PROJ2
2060,45,68143.761808584,projection_OBY02PROJ2
2060,46,66833.99044837849,projection_OBY02PROJ2
2060,47,68144.8166053789,projection_OBY02PROJ2
2060,48,67718.4481280069,projection_OBY02PROJ2
2060,49,71169.5641268163,projection_OBY02PROJ2
2061,15,47623.3174280894,projection_OBY02PROJ2
2061,16,47855.668589902,projection_OBY02PROJ2
2061,17,48132.2559852586,projection_OBY02PROJ2
2061,18,48434.38924889,projection_OBY02PROJ2
2061,19,48674.0282690821,projection_OBY02PROJ2
2061,20,48777.3377403422,projection_OBY02PROJ2
2061,21,48763.6478064685,projection_OBY02PROJ2
2061,22,48718.1036262031,projection_OBY02PROJ2
2061,23,48705.6359467329,projection_OBY02PROJ2
2061,24,48751.1130642367,projection_OBY02PROJ2
2061,25,48868.773786513004,projection_OBY02PROJ2
2061,26,49057.047680377,projection_OBY02PROJ2
2061,27,49318.9341755512,projection_OBY02PROJ2
2061,28,49667.881559995,projection_OBY02PROJ2
2061,29,50111.8666802959,projection_OBY02PROJ2
2061,30,50653.2267702524,projection_OBY02PROJ2
2061,31,50600.0002065508,projection_OBY02PROJ2
2061,32,50625.7943633245,projection_OBY02PROJ2
2061,33,50871.1999480983,projection_OBY02PROJ2
2061,34,51304.8820417583,projection_OBY02PROJ2
2061,35,51763.965247837,projection_OBY02PROJ2
2061,36,52185.718475988804,projection_OBY02PROJ2
2061,37,56217.1827854838,projection_OBY02PROJ2
2061,38,61863.3360766321,projection_OBY02PROJ2
2061,39,68383.9399798424,projection_OBY02PROJ2
2061,40,66825.3440585287,projection_OBY02PROJ2
2061,41,67829.8006568931,projection_OBY02PROJ2
2061,42,69444.3859342866,projection_OBY02PROJ2
2061,43,69714.834321406,projection_OBY02PROJ2
2061,44,69413.3487108676,projection_OBY02PROJ2
2061,45,68515.0200942977,projection_OBY02PROJ2
2061,46,68325.3632025507,projection_OBY02PROJ2
2061,47,66999.9288075495,projection_OBY02PROJ2
2061,48,68289.1450846834,projection_OBY02PROJ2
2061,49,67838.0237776243,projection_OBY02PROJ2
2062,15,47520.2487718483,projection_OBY02PROJ2
2062,16,47842.6637055009,projection_OBY02PROJ2
2062,17,48212.1056478561,projection_OBY02PROJ2
2062,18,48611.7697055312,projection_OBY02PROJ2
2062,19,48951.6792462297,projection_OBY02PROJ2
2062,20,49152.2294858027,projection_OBY02PROJ2
2062,21,49225.5135190042,projection_OBY02PROJ2
2062,22,49248.6338892809,projection_OBY02PROJ2
2062,23,49283.5724147181,projection_OBY02PROJ2
2062,24,49348.5496964076,projection_OBY02PROJ2
2062,25,49451.6302869349,projection_OBY02PROJ2
2062,26,49593.720849732796,projection_OBY02PROJ2
2062,27,49781.0437814028,projection_OBY02PROJ2
2062,28,50032.5819144448,projection_OBY02PROJ2
2062,29,50361.026463048904,projection_OBY02PROJ2
2062,30,50773.7330713047,projection_OBY02PROJ2
2062,31,51269.1035871449,projection_OBY02PROJ2
2062,32,51160.9099671027,projection_OBY02PROJ2
2062,33,51137.6005704435,projection_OBY02PROJ2
2062,34,51335.5344513788,projection_OBY02PROJ2
2062,35,51721.937781622204,projection_OBY02PROJ2
2062,36,52138.796306152,projection_OBY02PROJ2
2062,37,52529.864468485,projection_OBY02PROJ2
2062,38,56536.642189443504,projection_OBY02PROJ2
2062,39,62157.7040516174,projection_OBY02PROJ2
2062,40,68655.2907686414,projection_OBY02PROJ2
2062,41,67076.4136802984,projection_OBY02PROJ2
2062,42,68060.1972807387,projection_OBY02PROJ2
2062,43,69657.0357868234,projection_OBY02PROJ2
2062,44,69916.738652006,projection_OBY02PROJ2
2062,45,69607.3669776326,projection_OBY02PROJ2
2062,46,68697.577623126,projection_OBY02PROJ2
2062,47,68491.545812278,projection_OBY02PROJ2
2062,48,67146.04229721159,projection_OBY02PROJ2
2062,49,68409.3653592113,projection_OBY02PROJ2
2063,15,47325.7629343941,projection_OBY02PROJ2
2063,16,47739.870935447696,projection_OBY02PROJ2
2063,17,48199.4983333896,projection_OBY02PROJ2
2063,18,48692.1320549611,projection_OBY02PROJ2
2063,19,49129.7173945192,projection_OBY02PROJ2
2063,20,49430.7167443774,projection_OBY02PROJ2
2063,21,49601.4805455593,projection_OBY02PROJ2
2063,22,49711.9592168238,projection_OBY02PROJ2
2063,23,49816.0661893262,projection_OBY02PROJ2
2063,24,49929.0256305917,projection_OBY02PROJ2
2063,25,50052.1796202632,projection_OBY02PROJ2
2063,26,50180.0462622047,projection_OBY02PROJ2
2063,27,50321.3714074462,projection_OBY02PROJ2
2063,28,50498.4988515494,projection_OBY02PROJ2
2063,29,50729.5343148655,projection_OBY02PROJ2
2063,30,51026.520778463,projection_OBY02PROJ2
2063,31,51392.8465796855,projection_OBY02PROJ2
2063,32,51832.5567766643,projection_OBY02PROJ2
2063,33,51674.5578589481,projection_OBY02PROJ2
2063,34,51603.0644889138,projection_OBY02PROJ2
2063,35,51753.1145217908,projection_OBY02PROJ2
2063,36,52096.8165758396,projection_OBY02PROJ2
2063,37,52482.827819836704,projection_OBY02PROJ2
2063,38,52849.5440153364,projection_OBY02PROJ2
2063,39,56830.7452426826,projection_OBY02PROJ2
2063,40,62429.338791671704,projection_OBY02PROJ2
2063,41,68905.4993577307,projection_OBY02PROJ2
2063,42,67307.5888234336,projection_OBY02PROJ2
2063,43,68274.2682872306,projection_OBY02PROJ2
2063,44,69859.8724068333,projection_OBY02PROJ2
2063,45,70111.63257959,projection_OBY02PROJ2
2063,46,69790.656222451,projection_OBY02PROJ2
2063,47,68864.7564194854,projection_OBY02PROJ2
2063,48,68637.8755688322,projection_OBY02PROJ2
2063,49,67268.23467811779,projection_OBY02PROJ2
2064,15,47035.9505296647,projection_OBY02PROJ2
2064,16,47545.6187011909,projection_OBY02PROJ2
2064,17,48097.0686869816,projection_OBY02PROJ2
2064,18,48680.0076448902,projection_OBY02PROJ2
2064,19,49210.6992705187,projection_OBY02PROJ2
2064,20,49609.5479703505,projection_OBY02PROJ2
2064,21,49880.9897771401,projection_OBY02PROJ2
2064,22,50089.3156576181,projection_OBY02PROJ2
2064,23,50281.285411963996,projection_OBY02PROJ2
2064,24,50464.013223633396,projection_OBY02PROJ2
2064,25,50635.7519602379,projection_OBY02PROJ2
2064,26,50784.0753939392,projection_OBY02PROJ2
2064,27,50911.3863559674,projection_OBY02PROJ2
2064,28,51042.6995448003,projection_OBY02PROJ2
2064,29,51199.3770351893,projection_OBY02PROJ2
2064,30,51398.803079206096,projection_OBY02PROJ2
2064,31,51648.9752110485,projection_OBY02PROJ2
2064,32,51959.0227886031,projection_OBY02PROJ2
2064,33,52348.2305121371,projection_OBY02PROJ2
2064,34,52141.3901997799,projection_OBY02PROJ2
2064,35,52021.3613264355,projection_OBY02PROJ2
2064,36,52128.233945731496,projection_OBY02PROJ2
2064,37,52440.7585200167,projection_OBY02PROJ2
2064,38,52802.3760430391,projection_OBY02PROJ2
2064,39,53144.0337495325,projection_OBY02PROJ2
2064,40,57102.528601327096,projection_OBY02PROJ2
2064,41,62680.3257591535,projection_OBY02PROJ2
2064,42,69135.8752926396,projection_OBY02PROJ2
2064,43,67522.508338061,projection_OBY02PROJ2
2064,44,68478.5855490306,projection_OBY02PROJ2
2064,45,70055.7459494835,projection_OBY02PROJ2
2064,46,70295.8751815089,projection_OBY02PROJ2
2064,47,69958.601313974,projection_OBY02PROJ2
2064,48,69012.1438811551,projection_OBY02PROJ2
2064,49,68760.3208435382,projection_OBY02PROJ2
2065,15,46649.3976571697,projection_OBY02PROJ2
2065,16,47255.9961479684,projection_OBY02PROJ2
2065,17,47903.1451227333,projection_OBY02PROJ2
2065,18,48578.0322326703,projection_OBY02PROJ2
2065,19,49199.1560033727,projection_OBY02PROJ2
2065,20,49691.275827348196,projection_OBY02PROJ2
2065,21,50060.7811191436,projection_OBY02PROJ2
2065,22,50370.1274281665,projection_OBY02PROJ2
2065,23,50660.4384482375,projection_OBY02PROJ2
2065,24,50931.6465934734,projection_OBY02PROJ2
2065,25,51173.7897933699,projection_OBY02PROJ2
2065,26,51371.1204766708,projection_OBY02PROJ2
2065,27,51519.1274722303,projection_OBY02PROJ2
2065,28,51636.634556745295,projection_OBY02PROJ2
2065,29,51747.5961084992,projection_OBY02PROJ2
2065,30,51872.5826678209,projection_OBY02PROJ2
2065,31,52024.7790004509,projection_OBY02PROJ2
2065,32,52217.9937112219,projection_OBY02PROJ2
2065,33,52476.9071971916,projection_OBY02PROJ2
2065,34,52816.5992728872,projection_OBY02PROJ2
2065,35,52560.6219100327,projection_OBY02PROJ2
2065,36,52396.889626651704,projection_OBY02PROJ2
2065,37,52472.2503939131,projection_OBY02PROJ2
2065,38,52760.1331849205,projection_OBY02PROJ2
2065,39,53096.7131895625,projection_OBY02PROJ2
2065,40,53416.408159022,projection_OBY02PROJ2
2065,41,57354.0855599425,projection_OBY02PROJ2
2065,42,62911.9328404908,projection_OBY02PROJ2
2065,43,69350.0707871249,projection_OBY02PROJ2
2065,44,67727.73238782061,projection_OBY02PROJ2
2065,45,68675.9965954257,projection_OBY02PROJ2
2065,46,70241.0352160206,projection_OBY02PROJ2
2065,47,70464.81173196,projection_OBY02PROJ2
2065,48,70106.775050368,projection_OBY02PROJ2
2065,49,69135.7188997631,projection_OBY02PROJ2
2066,15,46169.468242063,projection_OBY02PROJ2
2066,16,46869.5889686039,projection_OBY02PROJ2
2066,17,47613.817196186996,projection_OBY02PROJ2
2066,18,48384.5366602203,projection_OBY02PROJ2
2066,19,49097.7266205768,projection_OBY02PROJ2
2066,20,49680.431938435,projection_OBY02PROJ2
2066,21,50143.4029522145,projection_OBY02PROJ2
2066,22,50551.123220867,projection_OBY02PROJ2
2066,23,50942.9266646086,projection_OBY02PROJ2
2066,24,51313.097709085196,projection_OBY02PROJ2
2066,25,51644.3848760886,projection_OBY02PROJ2
2066,26,51912.593271801,projection_OBY02PROJ2
2066,27,52109.893497780504,projection_OBY02PROJ2
2066,28,52248.3308968652,projection_OBY02PROJ2
2066,29,52345.6191331027,projection_OBY02PROJ2
2066,30,52424.8697393805,projection_OBY02PROJ2
2066,31,52502.2774342454,projection_OBY02PROJ2
2066,32,52596.8404194589,projection_OBY02PROJ2
2066,33,52738.2148102258,projection_OBY02PROJ2
2066,34,52947.0023477686,projection_OBY02PROJ2
2066,35,53236.9214528855,projection_OBY02PROJ2
2066,36,52936.7452962198,projection_OBY02PROJ2
2066,37,52741.1273515296,projection_OBY02PROJ2
2066,38,52791.5909191788,projection_OBY02PROJ2
2066,39,53054.2139251085,projection_OBY02PROJ2
2066,40,53368.9441181158,projection_OBY02PROJ2
2066,41,53668.7971354006,projection_OBY02PROJ2
2066,42,57586.6815896966,projection_OBY02PROJ2
2066,43,63127.7985103168,projection_OBY02PROJ2
2066,44,69554.6540303096,projection_OBY02PROJ2
2066,45,67926.1958692076,projection_OBY02PROJ2
2066,46,68862.9552098341,projection_OBY02PROJ2
2066,47,70411.0732522578,projection_OBY02PROJ2
2066,48,70614.0207089324,projection_OBY02PROJ2
2066,49,70231.1604228345,projection_OBY02PROJ2
2067,15,45564.472773369904,projection_OBY02PROJ2
2067,16,46389.7605269915,projection_OBY02PROJ2
2067,17,47227.6711319683,projection_OBY02PROJ2
2067,18,48095.6125274199,projection_OBY02PROJ2
2067,19,48904.7466786704,projection_OBY02PROJ2
2067,20,49579.6601438177,projection_OBY02PROJ2
2067,21,50133.3882706228,projection_OBY02PROJ2
2067,22,50634.8467464396,projection_OBY02PROJ2
2067,23,51125.4637577459,projection_OBY02PROJ2
2067,24,51597.7377533963,projection_OBY02PROJ2
2067,25,52028.6641681374,projection_OBY02PROJ2
2067,26,52386.5393356521,projection_OBY02PROJ2
2067,27,52655.0666645058,projection_OBY02PROJ2
2067,28,52843.0732710665,projection_OBY02PROJ2
2067,29,52961.4554529394,projection_OBY02PROJ2
2067,30,53027.0603480741,projection_OBY02PROJ2
2067,31,53058.4463709291,projection_OBY02PROJ2
2067,32,53077.6013045344,projection_OBY02PROJ2
2067,33,53119.6169434885,projection_OBY02PROJ2
2067,34,53210.175218850396,projection_OBY02PROJ2
2067,35,53368.6186536055,projection_OBY02PROJ2
2067,36,53613.7804081668,projection_OBY02PROJ2
2067,37,53281.3708002592,projection_OBY02PROJ2
2067,38,53060.5670860849,projection_OBY02PROJ2
2067,39,53085.526081398304,projection_OBY02PROJ2
2067,40,53326.1840717656,projection_OBY02PROJ2
2067,41,53621.255486529,projection_OBY02PROJ2
2067,42,53902.4760161216,projection_OBY02PROJ2
2067,43,57803.9047407975,projection_OBY02PROJ2
2067,44,63334.4456273402,projection_OBY02PROJ2
2067,45,69752.5429728865,projection_OBY02PROJ2
2067,46,68114.3085415891,projection_OBY02PROJ2
2067,47,69034.7965596552,projection_OBY02PROJ2
2067,48,70561.4636674076,projection_OBY02PROJ2
2067,49,70739.5421029142,projection_OBY02PROJ2
2068,15,44878.6906828939,projection_OBY02PROJ2
2068,16,45784.8202277763,projection_OBY02PROJ2
2068,17,46748.0678921169,projection_OBY02PROJ2
2068,18,47709.847051211895,projection_OBY02PROJ2
2068,19,48616.3114033604,projection_OBY02PROJ2
2068,20,49387.3024762103,projection_OBY02PROJ2
2068,21,50033.387618544104,projection_OBY02PROJ2
2068,22,50625.833766413,projection_OBY02PROJ2
2068,23,51210.5871635357,projection_OBY02PROJ2
2068,24,51782.2600551979,projection_OBY02PROJ2
2068,25,52315.9613990944,projection_OBY02PROJ2
2068,26,52774.036275858,projection_OBY02PROJ2
2068,27,53132.6449027549,projection_OBY02PROJ2
2068,28,53392.211474682204,projection_OBY02PROJ2
2068,29,53560.3683195516,projection_OBY02PROJ2
2068,30,53647.1349407618,projection_OBY02PROJ2
2068,31,53664.6441069754,projection_OBY02PROJ2
2068,32,53637.2189132558,projection_OBY02PROJ2
2068,33,53603.1711009042,projection_OBY02PROJ2
2068,34,53593.6647916536,projection_OBY02PROJ2
2068,35,53633.2251614998,projection_OBY02PROJ2
2068,36,53746.4249610131,projection_OBY02PROJ2
2068,37,53958.9263826516,projection_OBY02PROJ2
2068,38,53601.0568430486,projection_OBY02PROJ2
2068,39,53354.4648352163,projection_OBY02PROJ2
2068,40,53357.3254340727,projection_OBY02PROJ2
2068,41,53578.3245705907,projection_OBY02PROJ2
2068,42,53854.9641527237,projection_OBY02PROJ2
2068,43,54120.99108929,projection_OBY02PROJ2
2068,44,58012.2210862257,projection_OBY02PROJ2
2068,45,63534.7442690088,projection_OBY02PROJ2
2068,46,69940.0416868688,projection_OBY02PROJ2
2068,47,68287.3852891897,projection_OBY02PROJ2
2068,48,69187.142453905,projection_OBY02PROJ2
2068,49,70688.302215804,projection_OBY02PROJ2
2069,15,44135.4037077131,projection_OBY02PROJ2
2069,16,45099.0503499054,projection_OBY02PROJ2
2069,17,46143.315210982,projection_OBY02PROJ2
2069,18,47230.5988653598,projection_OBY02PROJ2
2069,19,48231.0097148673,projection_OBY02PROJ2
2069,20,49099.4589976266,projection_OBY02PROJ2
2069,21,49841.751515196804,projection_OBY02PROJ2
2069,22,50526.743845986,projection_OBY02PROJ2
2069,23,51202.8356311065,projection_OBY02PROJ2
2069,24,51869.1924726423,projection_OBY02PROJ2
2069,25,52502.944079072404,projection_OBY02PROJ2
2069,26,53064.376327987,projection_OBY02PROJ2
2069,27,53523.6539914369,projection_OBY02PROJ2
2069,28,53873.691622462604,projection_OBY02PROJ2
2069,29,54113.6670465547,projection_OBY02PROJ2
2069,30,54250.322903088396,projection_OBY02PROJ2
2069,31,54288.8128716532,projection_OBY02PROJ2
2069,32,54247.0118502346,projection_OBY02PROJ2
2069,33,54165.787613393404,projection_OBY02PROJ2
2069,34,54079.547313242,projection_OBY02PROJ2
2069,35,54018.3578081849,projection_OBY02PROJ2
2069,36,54012.1083441319,projection_OBY02PROJ2
2069,37,54092.2936955123,projection_OBY02PROJ2
2069,38,54278.9636604071,projection_OBY02PROJ2
2069,39,53895.0377281764,projection_OBY02PROJ2
2069,40,53626.1776671227,projection_OBY02PROJ2
2069,41,53609.3679057823,projection_OBY02PROJ2
2069,42,53811.954906545696,projection_OBY02PROJ2
2069,43,54073.5659709179,projection_OBY02PROJ2
2069,44,54330.7750238798,projection_OBY02PROJ2
2069,45,58214.3934045145,projection_OBY02PROJ2
2069,46,63724.9103290445,projection_OBY02PROJ2
2069,47,70112.4467918161,projection_OBY02PROJ2
2069,48,68441.0398540467,projection_OBY02PROJ2
2069,49,69316.1219267332,projection_OBY02PROJ2
2070,15,43368.5281054541,projection_OBY02PROJ2
2070,16,44355.742159791,projection_OBY02PROJ2
2070,17,45457.6968552361,projection_OBY02PROJ2
2070,18,46626.170720452705,projection_OBY02PROJ2
2070,19,47752.1959736146,projection_OBY02PROJ2
2070,20,48714.7208249798,projection_OBY02PROJ2
2070,21,49554.5861887821,projection_OBY02PROJ2
2070,22,50335.9382045328,projection_OBY02PROJ2
2070,23,51104.879310075,projection_OBY02PROJ2
2070,24,51863.0756111143,projection_OBY02PROJ2
2070,25,52592.1270069398,projection_OBY02PROJ2
2070,26,53254.1972899699,projection_OBY02PROJ2
2070,27,53817.3413235033,projection_OBY02PROJ2
2070,28,54268.483327008,projection_OBY02PROJ2
2070,29,54599.2389571056,projection_OBY02PROJ2
2070,30,54807.8821482806,projection_OBY02PROJ2
2070,31,54896.137755377,projection_OBY02PROJ2
2070,32,54874.8790974871,projection_OBY02PROJ2
2070,33,54778.74365356,projection_OBY02PROJ2
2070,34,54644.7032226279,projection_OBY02PROJ2
2070,35,54506.112397352204,projection_OBY02PROJ2
2070,36,54398.5068577952,projection_OBY02PROJ2
2070,37,54358.8049400079,projection_OBY02PROJ2
2070,38,54412.8783759086,projection_OBY02PROJ2
2070,39,54573.1216048202,projection_OBY02PROJ2
2070,40,54166.7562689796,projection_OBY02PROJ2
2070,41,53878.1801774558,projection_OBY02PROJ2
2070,42,53842.9746717755,projection_OBY02PROJ2
2070,43,54030.553932326904,projection_OBY02PROJ2
2070,44,54283.496098643,projection_OBY02PROJ2
2070,45,54534.5393141615,projection_OBY02PROJ2
2070,46,58406.6387985754,projection_OBY02PROJ2
2070,47,63900.3046550751,projection_OBY02PROJ2
2070,48,70265.3503431057,projection_OBY02PROJ2
2070,49,68571.4412298672,projection_OBY02PROJ2
2071,15,42616.9340697992,projection_OBY02PROJ2
2071,16,43588.8225266527,projection_OBY02PROJ2
2071,17,44714.5087621391,projection_OBY02PROJ2
2071,18,45940.8433459327,projection_OBY02PROJ2
2071,19,47148.1657120229,projection_OBY02PROJ2
2071,20,48236.4361699203,projection_OBY02PROJ2
2071,21,49170.4854314506,projection_OBY02PROJ2
2071,22,50049.5306111314,projection_OBY02PROJ2
2071,23,50915.092152957695,projection_OBY02PROJ2
2071,24,51766.5912410738,projection_OBY02PROJ2
2071,25,52588.0515094269,projection_OBY02PROJ2
2071,26,53345.9974693888,projection_OBY02PROJ2
2071,27,54010.3109148425,projection_OBY02PROJ2
2071,28,54565.7848667283,projection_OBY02PROJ2
2071,29,54997.9919771692,projection_OBY02PROJ2
2071,30,55297.6332678267,projection_OBY02PROJ2
2071,31,55457.8170673657,projection_OBY02PROJ2
2071,32,55485.9555106356,projection_OBY02PROJ2
2071,33,55409.8903092964,projection_OBY02PROJ2
2071,34,55260.3686631686,projection_OBY02PROJ2
2071,35,55073.3441603724,projection_OBY02PROJ2
2071,36,54887.7352623139,projection_OBY02PROJ2
2071,37,54746.2030111345,projection_OBY02PROJ2
2071,38,54680.0395169994,projection_OBY02PROJ2
2071,39,54707.4196198066,projection_OBY02PROJ2
2071,40,54844.9268437386,projection_OBY02PROJ2
2071,41,54418.7832175023,projection_OBY02PROJ2
2071,42,54111.7988041631,projection_OBY02PROJ2
2071,43,54061.6155660073,projection_OBY02PROJ2
2071,44,54240.5853028462,projection_OBY02PROJ2
2071,45,54487.4788687263,projection_OBY02PROJ2
2071,46,54728.5209073951,projection_OBY02PROJ2
2071,47,58584.3956454492,projection_OBY02PROJ2
2071,48,64056.6037571111,projection_OBY02PROJ2
2071,49,70394.8755631981,projection_OBY02PROJ2
2072,15,41915.3782187037,projection_OBY02PROJ2
2072,16,42837.1736230495,projection_OBY02PROJ2
2072,17,43947.6842930208,projection_OBY02PROJ2
2072,18,45197.9138607199,projection_OBY02PROJ2
2072,19,46463.1969514182,projection_OBY02PROJ2
2072,20,47632.8914229071,projection_OBY02PROJ2
2072,21,48692.7901451565,projection_OBY02PROJ2
2072,22,49666.1183086988,projection_OBY02PROJ2
2072,23,50629.5970817686,projection_OBY02PROJ2
2072,24,51578.1284091626,projection_OBY02PROJ2
2072,25,52493.4124107834,projection_OBY02PROJ2
2072,26,53344.316690793305,projection_OBY02PROJ2
2072,27,54105.040279025496,projection_OBY02PROJ2
2072,28,54762.162526957196,projection_OBY02PROJ2
2072,29,55299.0709678227,projection_OBY02PROJ2
2072,30,55700.4167913195,projection_OBY02PROJ2
2072,31,55951.6000169228,projection_OBY02PROJ2
2072,32,56051.376609848005,projection_OBY02PROJ2
2072,33,56024.3069406587,projection_OBY02PROJ2
2072,34,55894.3451655084,projection_OBY02PROJ2
2072,35,55691.2520704906,projection_OBY02PROJ2
2072,36,55456.6281772376,projection_OBY02PROJ2
2072,37,55236.621101976896,projection_OBY02PROJ2
2072,38,55068.2430980152,projection_OBY02PROJ2
2072,39,54975.0570631162,projection_OBY02PROJ2
2072,40,54979.5257526168,projection_OBY02PROJ2
2072,41,55097.0424634606,projection_OBY02PROJ2
2072,42,54652.453130387,projection_OBY02PROJ2
2072,43,54330.496183175004,projection_OBY02PROJ2
2072,44,54271.7862356215,projection_OBY02PROJ2
2072,45,54444.735953229,projection_OBY02PROJ2
2072,46,54681.6887407091,projection_OBY02PROJ2
2072,47,54908.231204703,projection_OBY02PROJ2
2072,48,58743.4036091532,projection_OBY02PROJ2
2072,49,64189.9232295854,projection_OBY02PROJ2
2073,15,41289.9662076564,projection_OBY02PROJ2
2073,16,42135.5637140647,projection_OBY02PROJ2
2073,17,43196.1153660415,projection_OBY02PROJ2
2073,18,44431.3171612608,projection_OBY02PROJ2
2073,19,45720.5877010561,projection_OBY02PROJ2
2073,20,46948.3620600706,projection_OBY02PROJ2
2073,21,48089.7739584702,projection_OBY02PROJ2
2073,22,49189.032015631,projection_OBY02PROJ2
2073,23,50246.9958350648,projection_OBY02PROJ2
2073,24,51293.8213679661,projection_OBY02PROJ2
2073,25,52306.616767813,projection_OBY02PROJ2
2073,26,53251.8626696985,projection_OBY02PROJ2
2073,27,54106.0643626441,projection_OBY02PROJ2
2073,28,54860.069716198,projection_OBY02PROJ2
2073,29,55499.0014503331,projection_OBY02PROJ2
2073,30,56005.3201093003,projection_OBY02PROJ2
2073,31,56358.2577380755,projection_OBY02PROJ2
2073,32,56548.8209103319,projection_OBY02PROJ2
2073,33,56593.0639260022,projection_OBY02PROJ2
2073,34,56511.6549651721,projection_OBY02PROJ2
2073,35,56327.5908899345,projection_OBY02PROJ2
2073,36,56076.3522267065,projection_OBY02PROJ2
2073,37,55806.876526954,projection_OBY02PROJ2
2073,38,55559.6389689152,projection_OBY02PROJ2
2073,39,55363.8721659839,projection_OBY02PROJ2
2073,40,55247.5420724278,projection_OBY02PROJ2
2073,41,55231.9474396601,projection_OBY02PROJ2
2073,42,55330.8098024942,projection_OBY02PROJ2
2073,43,54871.2232136416,projection_OBY02PROJ2
2073,44,54540.803763566895,projection_OBY02PROJ2
2073,45,54476.1369241251,projection_OBY02PROJ2
2073,46,54639.1406361488,projection_OBY02PROJ2
2073,47,54861.6634143076,projection_OBY02PROJ2
2073,48,55069.4373678257,projection_OBY02PROJ2
2073,49,58879.7952397311,projection_OBY02PROJ2
2074,15,40760.5751135527,projection_OBY02PROJ2
2074,16,41510.1089623708,projection_OBY02PROJ2
2074,17,42494.5812805654,projection_OBY02PROJ2
2074,18,43679.952278163,projection_OBY02PROJ2
2074,19,44954.2732763824,projection_OBY02PROJ2
2074,20,46206.146210681705,projection_OBY02PROJ2
2074,21,47405.7107431083,projection_OBY02PROJ2
2074,22,48586.528412588304,projection_OBY02PROJ2
2074,23,49770.6044390171,projection_OBY02PROJ2
2074,24,50912.2773252152,projection_OBY02PROJ2
2074,25,52023.8127275561,projection_OBY02PROJ2
2074,26,53067.0620890902,projection_OBY02PROJ2
2074,27,54016.1026453432,projection_OBY02PROJ2
2074,28,54864.0344079468,projection_OBY02PROJ2
2074,29,55600.2106610213,projection_OBY02PROJ2
2074,30,56208.8255770793,projection_OBY02PROJ2
2074,31,56666.819618044596,projection_OBY02PROJ2
2074,32,56958.992648756204,projection_OBY02PROJ2
2074,33,57093.7705661324,projection_OBY02PROJ2
2074,34,57083.3045183104,projection_OBY02PROJ2
2074,35,56947.3286600468,projection_OBY02PROJ2
2074,36,56714.6200572321,projection_OBY02PROJ2
2074,37,56428.1071911653,projection_OBY02PROJ2
2074,38,56131.0294316924,projection_OBY02PROJ2
2074,39,55856.0319582777,projection_OBY02PROJ2
2074,40,55636.8504636543,projection_OBY02PROJ2
2074,41,55500.327138627305,projection_OBY02PROJ2
2074,42,55466.0359304473,projection_OBY02PROJ2
2074,43,55549.6854473116,projection_OBY02PROJ2
2074,44,55081.6658475963,projection_OBY02PROJ2
2074,45,54745.3405016126,projection_OBY02PROJ2
2074,46,54670.7688278419,projection_OBY02PROJ2
2074,47,54819.3577773985,projection_OBY02PROJ2
2074,48,55023.1895862254,projection_OBY02PROJ2
2074,49,55208.2856340738,projection_OBY02PROJ2
2075,15,40342.538251043996,projection_OBY02PROJ2
2075,16,40980.6958348295,projection_OBY02PROJ2
2075,17,41869.208874797696,projection_OBY02PROJ2
2075,18,42978.6092309628,projection_OBY02PROJ2
2075,19,44203.161152437904,projection_OBY02PROJ2
2075,20,45440.1786508036,projection_OBY02PROJ2
2075,21,46663.9021530129,projection_OBY02PROJ2
2075,22,47902.884540879095,projection_OBY02PROJ2
2075,23,49168.6599127637,projection_OBY02PROJ2
2075,24,50436.7939183837,projection_OBY02PROJ2
2075,25,51643.613880205296,projection_OBY02PROJ2
2075,26,52786.0789132261,projection_OBY02PROJ2
2075,27,53833.6024531478,projection_OBY02PROJ2
2075,28,54776.7874318824,projection_OBY02PROJ2
2075,29,55607.2182167903,projection_OBY02PROJ2
2075,30,56313.3329992983,projection_OBY02PROJ2
2075,31,56873.7251954586,projection_OBY02PROJ2
2075,32,57270.8656801472,projection_OBY02PROJ2
2075,33,57507.0674397347,projection_OBY02PROJ2
2075,34,57586.8381802533,projection_OBY02PROJ2
2075,35,57521.4127348674,projection_OBY02PROJ2
2075,36,57336.350768826,projection_OBY02PROJ2
2075,37,57067.9873253541,projection_OBY02PROJ2
2075,38,56753.526639658696,projection_OBY02PROJ2
2075,39,56428.32747429,projection_OBY02PROJ2
2075,40,56129.6338830981,projection_OBY02PROJ2
2075,41,55890.0893771126,projection_OBY02PROJ2
2075,42,55734.7784614606,projection_OBY02PROJ2
2075,43,55685.2491881592,projection_OBY02PROJ2
2075,44,55760.2844517443,projection_OBY02PROJ2
2075,45,55286.377540274,projection_OBY02PROJ2
2075,46,54940.1804841987,projection_OBY02PROJ2
2075,47,54851.2577209778,projection_OBY02PROJ2
2075,48,54981.1659227021,projection_OBY02PROJ2
2075,49,55162.3895571205,projection_OBY02PROJ2
2076,15,40043.2704218723,projection_OBY02PROJ2
2076,16,40562.6657557119,projection_OBY02PROJ2
2076,17,41339.8945929305,projection_OBY02PROJ2
2076,18,42353.4263751128,projection_OBY02PROJ2
2076,19,43502.0554459558,projection_OBY02PROJ2
2076,20,44689.3766697589,projection_OBY02PROJ2
2076,21,45898.2836020459,projection_OBY02PROJ2
2076,22,47161.4134509904,projection_OBY02PROJ2
2076,23,48485.4489739457,projection_OBY02PROJ2
2076,24,49835.5840152113,projection_OBY02PROJ2
2076,25,51169.2949353186,projection_OBY02PROJ2
2076,26,52407.533706705595,projection_OBY02PROJ2
2076,27,53554.7452026382,projection_OBY02PROJ2
2076,28,54596.797783712,projection_OBY02PROJ2
2076,29,55522.7653283611,projection_OBY02PROJ2
2076,30,56323.3525765661,projection_OBY02PROJ2
2076,31,56981.347329853,projection_OBY02PROJ2
2076,32,57480.8385579744,projection_OBY02PROJ2
2076,33,57821.8760554174,projection_OBY02PROJ2
2076,34,58002.8382370293,projection_OBY02PROJ2
2076,35,58027.3292079229,projection_OBY02PROJ2
2076,36,57912.4395081024,projection_OBY02PROJ2
2076,37,57691.3913340154,projection_OBY02PROJ2
2076,38,57394.76974788,projection_OBY02PROJ2
2076,39,57051.849616748,projection_OBY02PROJ2
2076,40,56702.6750455391,projection_OBY02PROJ2
2076,41,56383.4328000733,projection_OBY02PROJ2
2076,42,56124.9735527097,projection_OBY02PROJ2
2076,43,55954.3544011019,projection_OBY02PROJ2
2076,44,55896.243505493,projection_OBY02PROJ2
2076,45,55965.1849355157,projection_OBY02PROJ2
2076,46,55481.4077553763,projection_OBY02PROJ2
2076,47,55120.9114295787,projection_OBY02PROJ2
2076,48,55013.3691424443,projection_OBY02PROJ2
2076,49,55120.6503237912,projection_OBY02PROJ2
2077,15,39859.7675098168,projection_OBY02PROJ2
2077,16,40263.4396522233,projection_OBY02PROJ2
2077,17,40921.9886778196,projection_OBY02PROJ2
2077,18,41824.3113268946,projection_OBY02PROJ2
2077,19,42877.1099593968,projection_OBY02PROJ2
2077,20,43988.5617363463,projection_OBY02PROJ2
2077,21,45147.7861083553,projection_OBY02PROJ2
2077,22,46396.057013769,projection_OBY02PROJ2
2077,23,47744.302801468104,projection_OBY02PROJ2
2077,24,49152.9468697084,projection_OBY02PROJ2
2077,25,50569.0405140755,projection_OBY02PROJ2
2077,26,51934.6740318529,projection_OBY02PROJ2
2077,27,53178.1586939247,projection_OBY02PROJ2
2077,28,54320.2656944953,projection_OBY02PROJ2
2077,29,55345.3417628064,projection_OBY02PROJ2
2077,30,56241.634077818,projection_OBY02PROJ2
2077,31,56994.1861041133,projection_OBY02PROJ2
2077,32,57591.2577149889,projection_OBY02PROJ2
2077,33,58034.5564609886,projection_OBY02PROJ2
2077,34,58320.1786599771,projection_OBY02PROJ2
2077,35,58445.6090134077,projection_OBY02PROJ2
2077,36,58420.3222566739,projection_OBY02PROJ2
2077,37,58269.1674614046,projection_OBY02PROJ2
2077,38,58019.5924868821,projection_OBY02PROJ2
2077,39,57694.2073671408,projection_OBY02PROJ2
2077,40,57327.0476409491,projection_OBY02PROJ2
2077,41,56957.1346744467,projection_OBY02PROJ2
2077,42,56618.8345977586,projection_OBY02PROJ2
2077,43,56344.964639546495,projection_OBY02PROJ2
2077,44,56165.7551970735,projection_OBY02PROJ2
2077,45,56101.5840718438,projection_OBY02PROJ2
2077,46,56160.4158880147,projection_OBY02PROJ2
2077,47,55662.3503533016,projection_OBY02PROJ2
2077,48,55283.2829847548,projection_OBY02PROJ2
2077,49,55153.1547783192,projection_OBY02PROJ2
2078,15,39782.1769192071,projection_OBY02PROJ2
2078,16,40080.017000856,projection_OBY02PROJ2
2078,17,40622.9183687837,projection_OBY02PROJ2
2078,18,41406.6245271779,projection_OBY02PROJ2
2078,19,42348.2470660551,projection_OBY02PROJ2
2078,20,43363.9069041373,projection_OBY02PROJ2
2078,21,44447.2547095863,projection_OBY02PROJ2
2078,22,45645.7695109325,projection_OBY02PROJ2
2078,23,46979.1758583705,projection_OBY02PROJ2
2078,24,48412.2363468576,projection_OBY02PROJ2
2078,25,49887.1654782052,projection_OBY02PROJ2
2078,26,51335.6556846549,projection_OBY02PROJ2
2078,27,52707.0629754286,projection_OBY02PROJ2
2078,28,53945.8264795695,projection_OBY02PROJ2
2078,29,55071.165836252396,projection_OBY02PROJ2
2078,30,56066.6855602266,projection_OBY02PROJ2
2078,31,56914.9970247158,projection_OBY02PROJ2
2078,32,57606.6113499099,projection_OBY02PROJ2
2078,33,58147.4297445439,projection_OBY02PROJ2
2078,34,58535.1846195774,projection_OBY02PROJ2
2078,35,58765.0843987524,projection_OBY02PROJ2
2078,36,58840.4864095273,projection_OBY02PROJ2
2078,37,58778.7076045391,projection_OBY02PROJ2
2078,38,58598.8012168879,projection_OBY02PROJ2
2078,39,58320.1990666898,projection_OBY02PROJ2
2078,40,57970.3353484111,projection_OBY02PROJ2
2078,41,57582.2557177727,projection_OBY02PROJ2
2078,42,57193.1358216949,projection_OBY02PROJ2
2078,43,56839.3086188293,projection_OBY02PROJ2
2078,44,56556.812270629,projection_OBY02PROJ2
2078,45,56371.5389549378,projection_OBY02PROJ2
2078,46,56297.287655616805,projection_OBY02PROJ2
2078,47,56341.573336483,projection_OBY02PROJ2
2078,48,55824.9393336106,projection_OBY02PROJ2
2078,49,55423.3173714159,projection_OBY02PROJ2
2079,15,39799.9038797978,projection_OBY02PROJ2
2079,16,40002.5463698255,projection_OBY02PROJ2
2079,17,40439.6859995456,projection_OBY02PROJ2
2079,18,41107.80077005,projection_OBY02PROJ2
2079,19,41930.8403855002,projection_OBY02PROJ2
2079,20,42835.352893057,projection_OBY02PROJ2
2079,21,43822.888385921,projection_OBY02PROJ2
2079,22,44945.4314451578,projection_OBY02PROJ2
2079,23,46229.0554732059,projection_OBY02PROJ2
2079,24,47647.4227499507,projection_OBY02PROJ2
2079,25,49147.0495429356,projection_OBY02PROJ2
2079,26,50654.81061851,projection_OBY02PROJ2
2079,27,52109.5840178021,projection_OBY02PROJ2
2079,28,53476.6725419283,projection_OBY02PROJ2
2079,29,54698.8798280971,projection_OBY02PROJ2
2079,30,55794.7415489635,projection_OBY02PROJ2
2079,31,56742.3022412713,projection_OBY02PROJ2
2079,32,57529.656301077805,projection_OBY02PROJ2
2079,33,58164.9709913192,projection_OBY02PROJ2
2079,34,58650.1538572762,projection_OBY02PROJ2
2079,35,58982.049736188004,projection_OBY02PROJ2
2079,36,59161.728691518205,projection_OBY02PROJ2
2079,37,59200.4612673887,projection_OBY02PROJ2
2079,38,59109.749247881104,projection_OBY02PROJ2
2079,39,58900.5948527329,projection_OBY02PROJ2
2079,40,58597.3067898069,projection_OBY02PROJ2
2079,41,58226.3597417994,projection_OBY02PROJ2
2079,42,57818.9286425813,projection_OBY02PROJ2
2079,43,57414.159808368,projection_OBY02PROJ2
2079,44,57051.6582406957,projection_OBY02PROJ2
2079,45,56763.0718961686,projection_OBY02PROJ2
2079,46,56567.7140351943,projection_OBY02PROJ2
2079,47,56478.954463610105,projection_OBY02PROJ2
2079,48,56504.3768984931,projection_OBY02PROJ2
2079,49,55965.1702314679,projection_OBY02PROJ2
2080,15,39901.631781426,projection_OBY02PROJ2
2080,16,40020.432591492296,projection_OBY02PROJ2
2080,17,40362.4402512017,projection_OBY02PROJ2
2080,18,40924.8456114855,projection_OBY02PROJ2
2080,19,41632.33406726,projection_OBY02PROJ2
2080,20,42418.2896238658,projection_OBY02PROJ2
2080,21,43294.6520940655,projection_OBY02PROJ2
2080,22,44321.2793511846,projection_OBY02PROJ2
2080,23,45528.869960930504,projection_OBY02PROJ2
2080,24,46897.5339095678,projection_OBY02PROJ2
2080,25,48382.6810868554,projection_OBY02PROJ2
2080,26,49915.5412773144,projection_OBY02PROJ2
2080,27,51430.0675563156,projection_OBY02PROJ2
2080,28,52880.8987944123,projection_OBY02PROJ2
2080,29,54231.6477504336,projection_OBY02PROJ2
2080,30,55424.4508124763,projection_OBY02PROJ2
2080,31,56472.3491972953,projection_OBY02PROJ2
2080,32,57358.9231979827,projection_OBY02PROJ2
2080,33,58089.934471402405,projection_OBY02PROJ2
2080,34,58669.5479323778,projection_OBY02PROJ2
2080,35,59098.7814423828,projection_OBY02PROJ2
2080,36,59380.316849458104,projection_OBY02PROJ2
2080,37,59523.1941753405,projection_OBY02PROJ2
2080,38,59532.8534247088,projection_OBY02PROJ2
2080,39,59412.715200996,projection_OBY02PROJ2
2080,40,59178.7018441799,projection_OBY02PROJ2
2080,41,58854.1917482638,projection_OBY02PROJ2
2080,42,58463.7617198659,projection_OBY02PROJ2
2080,43,58040.5635451196,projection_OBY02PROJ2
2080,44,57627.0669891729,projection_OBY02PROJ2
2080,45,57258.4424378438,projection_OBY02PROJ2
2080,46,56959.749969555,projection_OBY02PROJ2
2080,47,56749.8837718108,projection_OBY02PROJ2
2080,48,56642.2928370938,projection_OBY02PROJ2
2080,49,56644.7978797326,projection_OBY02PROJ2
2081,15,40072.589392675596,projection_OBY02PROJ2
2081,16,40122.3575255493,projection_OBY02PROJ2
2081,17,40380.585055230404,projection_OBY02PROJ2
2081,18,40847.9073719735,projection_OBY02PROJ2
2081,19,41449.736866011,projection_OBY02PROJ2
2081,20,42120.1727371162,projection_OBY02PROJ2
2081,21,42877.9569508369,projection_OBY02PROJ2
2081,22,43793.3123602728,projection_OBY02PROJ2
2081,23,44904.905842950495,projection_OBY02PROJ2
2081,24,46197.5573249888,projection_OBY02PROJ2
2081,25,47633.1349605792,projection_OBY02PROJ2
2081,26,49151.8520849552,projection_OBY02PROJ2
2081,27,50691.9341665551,projection_OBY02PROJ2
2081,28,52202.8635186847,projection_OBY02PROJ2
2081,29,53637.5345668963,projection_OBY02PROJ2
2081,30,54958.9497813991,projection_OBY02PROJ2
2081,31,56103.7920240129,projection_OBY02PROJ2
2081,32,57090.668045902,projection_OBY02PROJ2
2081,33,57920.853920178604,projection_OBY02PROJ2
2081,34,58596.1154342429,projection_OBY02PROJ2
2081,35,59119.7272600796,projection_OBY02PROJ2
2081,36,59498.5081341253,projection_OBY02PROJ2
2081,37,59743.1507237765,projection_OBY02PROJ2
2081,38,59856.8528467457,projection_OBY02PROJ2
2081,39,59836.9495487944,projection_OBY02PROJ2
2081,40,59691.8138740719,projection_OBY02PROJ2
2081,41,59436.467156385195,projection_OBY02PROJ2
2081,42,59092.361668973,projection_OBY02PROJ2
2081,43,58686.0573292817,projection_OBY02PROJ2
2081,44,58254.0797570463,projection_OBY02PROJ2
2081,45,57834.4259213131,projection_OBY02PROJ2
2081,46,57455.6719888608,projection_OBY02PROJ2
2081,47,57142.4498924443,projection_OBY02PROJ2
2081,48,56913.744026439,projection_OBY02PROJ2
2081,49,56783.2598674151,projection_OBY02PROJ2
